gil,command,run,cycles,instructions,task-clock,time_elapsed,user_time,sys_time
PYTHON_GIL=1,python3.13 ./src/0_plain/itertools.py 7e240de74fb1ed08fa08d38063f6a6a91462a815,1,1112328462,3396832059,257.07,0.242304599,0.257931000,0.000000000
PYTHON_GIL=1,python3.13 ./src/0_plain/itertools.py 7e240de74fb1ed08fa08d38063f6a6a91462a815,2,1122351912,3423351407,258.77,0.243392692,0.259102000,0.000000000
PYTHON_GIL=1,python3.13 ./src/0_plain/itertools.py 7e240de74fb1ed08fa08d38063f6a6a91462a815,3,1108581185,3423939428,258.84,0.243497270,0.259248000,0.000000000
PYTHON_GIL=1,python3.13 ./src/0_plain/itertools.py 7e240de74fb1ed08fa08d38063f6a6a91462a815,4,1121297559,3404980708,260.56,0.245396865,0.260947000,0.000000000
PYTHON_GIL=1,python3.13 ./src/0_plain/itertools.py 7e240de74fb1ed08fa08d38063f6a6a91462a815,5,1121000088,3397302411,257.10,0.241865714,0.257407000,0.000000000
PYTHON_GIL=1,python3.13 ./src/0_plain/itertools.py 7e240de74fb1ed08fa08d38063f6a6a91462a815,6,1125599244,3423337652,263.56,0.248045256,0.264045000,0.000000000
PYTHON_GIL=1,python3.13 ./src/0_plain/itertools.py 7e240de74fb1ed08fa08d38063f6a6a91462a815,7,1118833897,3423716318,259.31,0.244013954,0.259556000,0.000000000
PYTHON_GIL=1,python3.13 ./src/0_plain/itertools.py 7e240de74fb1ed08fa08d38063f6a6a91462a815,8,1107500066,3396740945,262.92,0.247588863,0.263310000,0.000000000
PYTHON_GIL=1,python3.13 ./src/0_plain/itertools.py 7e240de74fb1ed08fa08d38063f6a6a91462a815,9,1119114619,3396985212,262.62,0.247109446,0.262998000,0.000000000
PYTHON_GIL=1,python3.13 ./src/0_plain/itertools.py 7e240de74fb1ed08fa08d38063f6a6a91462a815,10,1122558575,3396945144,261.09,0.245727435,0.261481000,0.000000000
PYTHON_GIL=1,python3.13 ./src/0_plain/itertools.py 7e240de74fb1ed08fa08d38063f6a6a91462a815,11,1135334703,3397255318,266.52,0.250858175,0.266869000,0.000000000
PYTHON_GIL=1,python3.13 ./src/0_plain/itertools.py 7e240de74fb1ed08fa08d38063f6a6a91462a815,12,1135000880,3405196564,262.88,0.247343970,0.263243000,0.000000000
PYTHON_GIL=1,python3.13 ./src/0_plain/itertools.py 7e240de74fb1ed08fa08d38063f6a6a91462a815,13,1104903001,3396941850,259.54,0.244091152,0.259894000,0.000000000
PYTHON_GIL=1,python3.13 ./src/0_plain/itertools.py 7e240de74fb1ed08fa08d38063f6a6a91462a815,14,1106950592,3397159920,256.64,0.241512716,0.257023000,0.000000000
PYTHON_GIL=1,python3.13 ./src/0_plain/itertools.py 7e240de74fb1ed08fa08d38063f6a6a91462a815,15,1101442625,3396956995,256.43,0.241201826,0.256794000,0.000000000
PYTHON_GIL=1,python3.13 ./src/0_plain/itertools.py 7e240de74fb1ed08fa08d38063f6a6a91462a815,16,1114185551,3396863765,258.79,0.243434843,0.259127000,0.000000000
PYTHON_GIL=1,python3.13 ./src/0_plain/itertools.py 7e240de74fb1ed08fa08d38063f6a6a91462a815,17,1106154123,3396970474,259.10,0.243845470,0.259568000,0.000000000
PYTHON_GIL=1,python3.13 ./src/0_plain/itertools.py 7e240de74fb1ed08fa08d38063f6a6a91462a815,18,1126267512,3396830375,266.11,0.248429874,0.266431000,0.000000000
PYTHON_GIL=1,python3.13 ./src/0_plain/itertools.py 7e240de74fb1ed08fa08d38063f6a6a91462a815,19,1142470572,3423575295,270.20,0.252095882,0.270610000,0.000000000
PYTHON_GIL=1,python3.13 ./src/0_plain/itertools.py 7e240de74fb1ed08fa08d38063f6a6a91462a815,20,1138346277,3423252572,263.90,0.246124464,0.264261000,0.000000000
PYTHON_GIL=1,python3.13 ./src/0_plain/itertools.py 7e240de74fb1ed08fa08d38063f6a6a91462a815,21,1115834656,3423124534,260.10,0.242690805,0.260500000,0.000000000
PYTHON_GIL=1,python3.13 ./src/0_plain/itertools.py 7e240de74fb1ed08fa08d38063f6a6a91462a815,22,1111187761,3423666769,259.32,0.241855339,0.259643000,0.000000000
PYTHON_GIL=1,python3.13 ./src/0_plain/itertools.py 7e240de74fb1ed08fa08d38063f6a6a91462a815,23,1113753371,3396770967,264.82,0.247051583,0.265236000,0.000000000
PYTHON_GIL=1,python3.13 ./src/0_plain/itertools.py 7e240de74fb1ed08fa08d38063f6a6a91462a815,24,1108334838,3397099620,264.34,0.246566006,0.264762000,0.000000000
PYTHON_GIL=1,python3.13 ./src/0_plain/itertools.py 7e240de74fb1ed08fa08d38063f6a6a91462a815,25,1123021684,3423818152,268.66,0.250687216,0.269176000,0.000000000
PYTHON_GIL=1,python3.13 ./src/0_plain/itertools.py 7e240de74fb1ed08fa08d38063f6a6a91462a815,26,1128493384,3424024612,267.25,0.249132117,0.267592000,0.000000000
PYTHON_GIL=1,python3.13 ./src/0_plain/itertools.py 7e240de74fb1ed08fa08d38063f6a6a91462a815,27,1123090218,3423482743,271.93,0.253857559,0.272282000,0.000000000
PYTHON_GIL=1,python3.13 ./src/0_plain/itertools.py 7e240de74fb1ed08fa08d38063f6a6a91462a815,28,1111145145,3423299060,268.41,0.250208901,0.268742000,0.000000000
PYTHON_GIL=1,python3.13 ./src/0_plain/itertools.py 7e240de74fb1ed08fa08d38063f6a6a91462a815,29,1109078830,3404958275,269.78,0.251580214,0.270031000,0.000000000
PYTHON_GIL=1,python3.13 ./src/0_plain/itertools.py 7e240de74fb1ed08fa08d38063f6a6a91462a815,30,1134316439,3423299818,276.44,0.257774578,0.276845000,0.000000000
PYTHON_GIL=1,python3.13 ./src/0_plain/lib.py 7e240de74fb1ed08fa08d38063f6a6a91462a815,1,76495196,113695007,19.55,0.018545939,0.019886000,0.000000000
PYTHON_GIL=1,python3.13 ./src/0_plain/lib.py 7e240de74fb1ed08fa08d38063f6a6a91462a815,2,73782362,113512051,19.89,0.018875092,0.020291000,0.000000000
PYTHON_GIL=1,python3.13 ./src/0_plain/lib.py 7e240de74fb1ed08fa08d38063f6a6a91462a815,3,75831829,113470641,19.50,0.018471996,0.019879000,0.000000000
PYTHON_GIL=1,python3.13 ./src/0_plain/lib.py 7e240de74fb1ed08fa08d38063f6a6a91462a815,4,73122009,113609861,18.29,0.017338659,0.000000000,0.018631000
PYTHON_GIL=1,python3.13 ./src/0_plain/lib.py 7e240de74fb1ed08fa08d38063f6a6a91462a815,5,73098407,113508424,18.32,0.017303814,0.018665000,0.000000000
PYTHON_GIL=1,python3.13 ./src/0_plain/lib.py 7e240de74fb1ed08fa08d38063f6a6a91462a815,6,73187384,113576551,18.73,0.017688250,0.019075000,0.000000000
PYTHON_GIL=1,python3.13 ./src/0_plain/lib.py 7e240de74fb1ed08fa08d38063f6a6a91462a815,7,73559647,113523118,18.62,0.017635809,0.018983000,0.000000000
PYTHON_GIL=1,python3.13 ./src/0_plain/lib.py 7e240de74fb1ed08fa08d38063f6a6a91462a815,8,74800126,113525509,18.95,0.017960820,0.019248000,0.000000000
PYTHON_GIL=1,python3.13 ./src/0_plain/lib.py 7e240de74fb1ed08fa08d38063f6a6a91462a815,9,74510609,113883258,19.00,0.017947752,0.019329000,0.000000000
PYTHON_GIL=1,python3.13 ./src/0_plain/lib.py 7e240de74fb1ed08fa08d38063f6a6a91462a815,10,73872173,113453932,18.52,0.017612399,0.018885000,0.000000000
PYTHON_GIL=1,python3.13 ./src/0_plain/lib.py 7e240de74fb1ed08fa08d38063f6a6a91462a815,11,74905934,113626068,19.00,0.017968917,0.019388000,0.000000000
PYTHON_GIL=1,python3.13 ./src/0_plain/lib.py 7e240de74fb1ed08fa08d38063f6a6a91462a815,12,74717102,113392294,21.57,0.020890497,0.022368000,0.000000000
PYTHON_GIL=1,python3.13 ./src/0_plain/lib.py 7e240de74fb1ed08fa08d38063f6a6a91462a815,13,74563549,113530061,19.21,0.018195200,0.019546000,0.000000000
PYTHON_GIL=1,python3.13 ./src/0_plain/lib.py 7e240de74fb1ed08fa08d38063f6a6a91462a815,14,74079026,113591961,18.69,0.017696475,0.019052000,0.000000000
PYTHON_GIL=1,python3.13 ./src/0_plain/lib.py 7e240de74fb1ed08fa08d38063f6a6a91462a815,15,74625187,113709279,18.86,0.017862222,0.019177000,0.000000000
PYTHON_GIL=1,python3.13 ./src/0_plain/lib.py 7e240de74fb1ed08fa08d38063f6a6a91462a815,16,74634320,113559251,18.74,0.017758786,0.019112000,0.000000000
PYTHON_GIL=1,python3.13 ./src/0_plain/lib.py 7e240de74fb1ed08fa08d38063f6a6a91462a815,17,73841327,113699077,18.60,0.017592109,0.018935000,0.000000000
PYTHON_GIL=1,python3.13 ./src/0_plain/lib.py 7e240de74fb1ed08fa08d38063f6a6a91462a815,18,75967680,113664196,21.41,0.020219950,0.021750000,0.000000000
PYTHON_GIL=1,python3.13 ./src/0_plain/lib.py 7e240de74fb1ed08fa08d38063f6a6a91462a815,19,77136863,113547501,19.84,0.018782452,0.020159000,0.000000000
PYTHON_GIL=1,python3.13 ./src/0_plain/lib.py 7e240de74fb1ed08fa08d38063f6a6a91462a815,20,73555094,113537432,18.50,0.017498962,0.018902000,0.000000000
PYTHON_GIL=1,python3.13 ./src/0_plain/lib.py 7e240de74fb1ed08fa08d38063f6a6a91462a815,21,75166242,113789637,19.53,0.018497143,0.019920000,0.000000000
PYTHON_GIL=1,python3.13 ./src/0_plain/lib.py 7e240de74fb1ed08fa08d38063f6a6a91462a815,22,76356500,113732251,20.23,0.019144566,0.020622000,0.000000000
PYTHON_GIL=1,python3.13 ./src/0_plain/lib.py 7e240de74fb1ed08fa08d38063f6a6a91462a815,23,74554137,113804058,18.94,0.017939217,0.019239000,0.000000000
PYTHON_GIL=1,python3.13 ./src/0_plain/lib.py 7e240de74fb1ed08fa08d38063f6a6a91462a815,24,74558952,113501268,19.20,0.018151663,0.019506000,0.000000000
PYTHON_GIL=1,python3.13 ./src/0_plain/lib.py 7e240de74fb1ed08fa08d38063f6a6a91462a815,25,78953888,113617640,21.06,0.019948414,0.021438000,0.000000000
PYTHON_GIL=1,python3.13 ./src/0_plain/lib.py 7e240de74fb1ed08fa08d38063f6a6a91462a815,26,76246387,113416506,19.88,0.018919595,0.020259000,0.000000000
PYTHON_GIL=1,python3.13 ./src/0_plain/lib.py 7e240de74fb1ed08fa08d38063f6a6a91462a815,27,74857969,113507325,19.11,0.018341989,0.019443000,0.000000000
PYTHON_GIL=1,python3.13 ./src/0_plain/lib.py 7e240de74fb1ed08fa08d38063f6a6a91462a815,28,74590606,113468571,19.00,0.018013088,0.019302000,0.000000000
PYTHON_GIL=1,python3.13 ./src/0_plain/lib.py 7e240de74fb1ed08fa08d38063f6a6a91462a815,29,74036666,113721055,18.63,0.017643540,0.018969000,0.000000000
PYTHON_GIL=1,python3.13 ./src/0_plain/lib.py 7e240de74fb1ed08fa08d38063f6a6a91462a815,30,74172601,113670650,18.80,0.017798195,0.019140000,0.000000000
PYTHON_GIL=1,python3.13 ./src/0_plain/plain.py 7e240de74fb1ed08fa08d38063f6a6a91462a815,1,1127488091,3414809280,269.29,0.251159870,0.269614000,0.000000000
PYTHON_GIL=1,python3.13 ./src/0_plain/plain.py 7e240de74fb1ed08fa08d38063f6a6a91462a815,2,1131814356,3406268520,271.61,0.253269612,0.271930000,0.000000000
PYTHON_GIL=1,python3.13 ./src/0_plain/plain.py 7e240de74fb1ed08fa08d38063f6a6a91462a815,3,1111251311,3414769632,262.18,0.244767946,0.262504000,0.000000000
PYTHON_GIL=1,python3.13 ./src/0_plain/plain.py 7e240de74fb1ed08fa08d38063f6a6a91462a815,4,1124000263,3414985545,271.66,0.253363178,0.272124000,0.000000000
PYTHON_GIL=1,python3.13 ./src/0_plain/plain.py 7e240de74fb1ed08fa08d38063f6a6a91462a815,5,1152516046,3414964871,284.45,0.265311394,0.284752000,0.000000000
PYTHON_GIL=1,python3.13 ./src/0_plain/plain.py 7e240de74fb1ed08fa08d38063f6a6a91462a815,6,1131349456,3388291973,282.08,0.263027411,0.282481000,0.000000000
PYTHON_GIL=1,python3.13 ./src/0_plain/plain.py 7e240de74fb1ed08fa08d38063f6a6a91462a815,7,1101491916,3388058345,263.57,0.245795307,0.263840000,0.000000000
PYTHON_GIL=1,python3.13 ./src/0_plain/plain.py 7e240de74fb1ed08fa08d38063f6a6a91462a815,8,1136990412,3388118226,275.45,0.256906300,0.275818000,0.000000000
PYTHON_GIL=1,python3.13 ./src/0_plain/plain.py 7e240de74fb1ed08fa08d38063f6a6a91462a815,9,1124357757,3406525195,268.17,0.250010935,0.268524000,0.000000000
PYTHON_GIL=1,python3.13 ./src/0_plain/plain.py 7e240de74fb1ed08fa08d38063f6a6a91462a815,10,1113937019,3406535136,267.48,0.249626855,0.267802000,0.000000000
PYTHON_GIL=1,python3.13 ./src/0_plain/plain.py 7e240de74fb1ed08fa08d38063f6a6a91462a815,11,1107248090,3406347213,263.64,0.245804346,0.263992000,0.000000000
PYTHON_GIL=1,python3.13 ./src/0_plain/plain.py 7e240de74fb1ed08fa08d38063f6a6a91462a815,12,1106411168,3406731089,270.22,0.252037751,0.270674000,0.000000000
PYTHON_GIL=1,python3.13 ./src/0_plain/plain.py 7e240de74fb1ed08fa08d38063f6a6a91462a815,13,1111873178,3406368004,273.37,0.254893724,0.273677000,0.000000000
PYTHON_GIL=1,python3.13 ./src/0_plain/plain.py 7e240de74fb1ed08fa08d38063f6a6a91462a815,14,1112687933,3406626766,262.95,0.245217953,0.263253000,0.000000000
PYTHON_GIL=1,python3.13 ./src/0_plain/plain.py 7e240de74fb1ed08fa08d38063f6a6a91462a815,15,1145210330,3388239614,273.55,0.255136860,0.273836000,0.000000000
PYTHON_GIL=1,python3.13 ./src/0_plain/plain.py 7e240de74fb1ed08fa08d38063f6a6a91462a815,16,1105178859,3406429536,270.17,0.252281582,0.270689000,0.000000000
PYTHON_GIL=1,python3.13 ./src/0_plain/plain.py 7e240de74fb1ed08fa08d38063f6a6a91462a815,17,1115437142,3388171884,267.56,0.250596509,0.267904000,0.000000000
PYTHON_GIL=1,python3.13 ./src/0_plain/plain.py 7e240de74fb1ed08fa08d38063f6a6a91462a815,18,1110581795,3388128528,265.98,0.250047980,0.266458000,0.000000000
PYTHON_GIL=1,python3.13 ./src/0_plain/plain.py 7e240de74fb1ed08fa08d38063f6a6a91462a815,19,1128263274,3414917769,274.02,0.257391587,0.274424000,0.000000000
PYTHON_GIL=1,python3.13 ./src/0_plain/plain.py 7e240de74fb1ed08fa08d38063f6a6a91462a815,20,1091021268,3388322811,261.07,0.245290340,0.261367000,0.000000000
PYTHON_GIL=1,python3.13 ./src/0_plain/plain.py 7e240de74fb1ed08fa08d38063f6a6a91462a815,21,1113588052,3388288179,272.67,0.256158397,0.272946000,0.000000000
PYTHON_GIL=1,python3.13 ./src/0_plain/plain.py 7e240de74fb1ed08fa08d38063f6a6a91462a815,22,1111492245,3414808322,268.15,0.251977861,0.268440000,0.000000000
PYTHON_GIL=1,python3.13 ./src/0_plain/plain.py 7e240de74fb1ed08fa08d38063f6a6a91462a815,23,1127247747,3388108984,268.51,0.252462985,0.268972000,0.000000000
PYTHON_GIL=1,python3.13 ./src/0_plain/plain.py 7e240de74fb1ed08fa08d38063f6a6a91462a815,24,1113272115,3406458121,266.63,0.250469052,0.266947000,0.000000000
PYTHON_GIL=1,python3.13 ./src/0_plain/plain.py 7e240de74fb1ed08fa08d38063f6a6a91462a815,25,1109193134,3388224808,264.65,0.248605197,0.265049000,0.000000000
PYTHON_GIL=1,python3.13 ./src/0_plain/plain.py 7e240de74fb1ed08fa08d38063f6a6a91462a815,26,1112602988,3414856434,269.05,0.252860175,0.269531000,0.000000000
PYTHON_GIL=1,python3.13 ./src/0_plain/plain.py 7e240de74fb1ed08fa08d38063f6a6a91462a815,27,1117311538,3406707571,269.76,0.253394946,0.270129000,0.000000000
PYTHON_GIL=1,python3.13 ./src/0_plain/plain.py 7e240de74fb1ed08fa08d38063f6a6a91462a815,28,1098578403,3388208057,266.64,0.250891251,0.267197000,0.000000000
PYTHON_GIL=1,python3.13 ./src/0_plain/plain.py 7e240de74fb1ed08fa08d38063f6a6a91462a815,29,1113073624,3388166074,268.78,0.252650379,0.269209000,0.000000000
PYTHON_GIL=1,python3.13 ./src/0_plain/plain.py 7e240de74fb1ed08fa08d38063f6a6a91462a815,30,1126688492,3414969645,271.29,0.254993432,0.271738000,0.000000000
PYTHON_GIL=1,python3.13 ./src/1_multiprocessing/imap_unordered.py 7e240de74fb1ed08fa08d38063f6a6a91462a815,1,1540960615,974186286,1237.53,0.705722293,0.574855000,0.818426000
PYTHON_GIL=1,python3.13 ./src/1_multiprocessing/imap_unordered.py 7e240de74fb1ed08fa08d38063f6a6a91462a815,2,1523486392,957495832,1206.18,0.707680084,0.650271000,0.706778000
PYTHON_GIL=1,python3.13 ./src/1_multiprocessing/imap_unordered.py 7e240de74fb1ed08fa08d38063f6a6a91462a815,3,1509049749,956475585,1199.56,0.675823839,0.490072000,0.851948000
PYTHON_GIL=1,python3.13 ./src/1_multiprocessing/imap_unordered.py 7e240de74fb1ed08fa08d38063f6a6a91462a815,4,1572186403,993195460,1265.35,0.722986766,0.421048000,0.998941000
PYTHON_GIL=1,python3.13 ./src/1_multiprocessing/imap_unordered.py 7e240de74fb1ed08fa08d38063f6a6a91462a815,5,1570633199,973784252,1245.90,0.706365665,0.585882000,0.813158000
PYTHON_GIL=1,python3.13 ./src/1_multiprocessing/imap_unordered.py 7e240de74fb1ed08fa08d38063f6a6a91462a815,6,1561862348,989458000,1262.18,0.721041644,0.587634000,0.830779000
PYTHON_GIL=1,python3.13 ./src/1_multiprocessing/imap_unordered.py 7e240de74fb1ed08fa08d38063f6a6a91462a815,7,1607744550,1015973823,1283.01,0.736174212,0.498576000,0.941014000
PYTHON_GIL=1,python3.13 ./src/1_multiprocessing/imap_unordered.py 7e240de74fb1ed08fa08d38063f6a6a91462a815,8,1668652370,987884772,1317.09,0.741424317,0.200640000,1.278483000
PYTHON_GIL=1,python3.13 ./src/1_multiprocessing/imap_unordered.py 7e240de74fb1ed08fa08d38063f6a6a91462a815,9,1606263834,1011196120,1287.71,0.829041987,0.392174000,1.060840000
PYTHON_GIL=1,python3.13 ./src/1_multiprocessing/imap_unordered.py 7e240de74fb1ed08fa08d38063f6a6a91462a815,10,1602395582,985089974,1286.86,0.735082966,0.558682000,0.889399000
PYTHON_GIL=1,python3.13 ./src/1_multiprocessing/imap_unordered.py 7e240de74fb1ed08fa08d38063f6a6a91462a815,11,1653332156,1034121557,1298.82,0.738305729,0.549451000,0.914519000
PYTHON_GIL=1,python3.13 ./src/1_multiprocessing/imap_unordered.py 7e240de74fb1ed08fa08d38063f6a6a91462a815,12,1564302943,978120228,1256.51,0.762782969,0.409594000,1.000786000
PYTHON_GIL=1,python3.13 ./src/1_multiprocessing/imap_unordered.py 7e240de74fb1ed08fa08d38063f6a6a91462a815,13,1618696092,975708043,1297.07,0.735423554,0.610294000,0.850997000
PYTHON_GIL=1,python3.13 ./src/1_multiprocessing/imap_unordered.py 7e240de74fb1ed08fa08d38063f6a6a91462a815,14,1613401788,972659477,1310.01,0.739973224,0.372975000,1.100160000
PYTHON_GIL=1,python3.13 ./src/1_multiprocessing/imap_unordered.py 7e240de74fb1ed08fa08d38063f6a6a91462a815,15,1644740247,1065715758,1398.47,0.897399313,0.349534000,1.221341000
PYTHON_GIL=1,python3.13 ./src/1_multiprocessing/imap_unordered.py 7e240de74fb1ed08fa08d38063f6a6a91462a815,16,1549455567,950227113,1398.21,0.791896821,0.751769000,0.821498000
PYTHON_GIL=1,python3.13 ./src/1_multiprocessing/imap_unordered.py 7e240de74fb1ed08fa08d38063f6a6a91462a815,17,1565633572,998691662,1507.48,0.855559875,0.879564000,0.814255000
PYTHON_GIL=1,python3.13 ./src/1_multiprocessing/imap_unordered.py 7e240de74fb1ed08fa08d38063f6a6a91462a815,18,1637479686,1005004175,1641.21,0.930039782,0.399785000,1.443386000
PYTHON_GIL=1,python3.13 ./src/1_multiprocessing/imap_unordered.py 7e240de74fb1ed08fa08d38063f6a6a91462a815,19,1560333217,1011595154,1476.82,0.846584952,0.636264000,1.025877000
PYTHON_GIL=1,python3.13 ./src/1_multiprocessing/imap_unordered.py 7e240de74fb1ed08fa08d38063f6a6a91462a815,20,1557540361,981655760,1482.78,0.854320706,0.706266000,0.964219000
PYTHON_GIL=1,python3.13 ./src/1_multiprocessing/imap_unordered.py 7e240de74fb1ed08fa08d38063f6a6a91462a815,21,1510277353,961874345,1412.98,0.797211963,0.449834000,1.140637000
PYTHON_GIL=1,python3.13 ./src/1_multiprocessing/imap_unordered.py 7e240de74fb1ed08fa08d38063f6a6a91462a815,22,1580092697,1093439024,1437.16,0.818201456,0.347821000,1.269851000
PYTHON_GIL=1,python3.13 ./src/1_multiprocessing/imap_unordered.py 7e240de74fb1ed08fa08d38063f6a6a91462a815,23,1516064465,972489418,1423.03,0.807007853,0.452332000,1.147488000
PYTHON_GIL=1,python3.13 ./src/1_multiprocessing/imap_unordered.py 7e240de74fb1ed08fa08d38063f6a6a91462a815,24,1554672046,984658626,1457.17,0.829848798,0.321588000,1.313756000
PYTHON_GIL=1,python3.13 ./src/1_multiprocessing/imap_unordered.py 7e240de74fb1ed08fa08d38063f6a6a91462a815,25,1548028180,975581138,1453.96,0.829932726,0.427037000,1.209413000
PYTHON_GIL=1,python3.13 ./src/1_multiprocessing/imap_unordered.py 7e240de74fb1ed08fa08d38063f6a6a91462a815,26,1531150734,975736055,1416.05,0.800853392,0.802432000,0.788783000
PYTHON_GIL=1,python3.13 ./src/1_multiprocessing/imap_unordered.py 7e240de74fb1ed08fa08d38063f6a6a91462a815,27,1529308562,970653202,1420.78,0.806429408,0.319491000,1.282177000
PYTHON_GIL=1,python3.13 ./src/1_multiprocessing/imap_unordered.py 7e240de74fb1ed08fa08d38063f6a6a91462a815,28,1613255857,1188785370,1438.39,0.821743738,0.723559000,0.895006000
PYTHON_GIL=1,python3.13 ./src/1_multiprocessing/imap_unordered.py 7e240de74fb1ed08fa08d38063f6a6a91462a815,29,1591014177,1079290456,1452.40,0.828093382,0.822459000,0.810700000
PYTHON_GIL=1,python3.13 ./src/1_multiprocessing/imap_unordered.py 7e240de74fb1ed08fa08d38063f6a6a91462a815,30,1541880221,1003629820,1411.22,0.802331087,0.760031000,0.825177000
PYTHON_GIL=1,python3.13 ./src/1_multiprocessing/imap.py 7e240de74fb1ed08fa08d38063f6a6a91462a815,1,1561260430,992793882,1446.44,0.922869009,0.522616000,1.103545000
PYTHON_GIL=1,python3.13 ./src/1_multiprocessing/imap.py 7e240de74fb1ed08fa08d38063f6a6a91462a815,2,1559064784,977830069,1400.42,0.803405472,0.787426000,0.790711000
PYTHON_GIL=1,python3.13 ./src/1_multiprocessing/imap.py 7e240de74fb1ed08fa08d38063f6a6a91462a815,3,1657228326,1676497913,1083.95,0.609633571,0.751427000,0.432174000
PYTHON_GIL=1,python3.13 ./src/1_multiprocessing/imap.py 7e240de74fb1ed08fa08d38063f6a6a91462a815,4,1534825930,984746674,1408.63,0.809876659,0.368278000,1.217520000
PYTHON_GIL=1,python3.13 ./src/1_multiprocessing/imap.py 7e240de74fb1ed08fa08d38063f6a6a91462a815,5,1545077810,970892615,1429.36,0.820017081,0.406073000,1.200612000
PYTHON_GIL=1,python3.13 ./src/1_multiprocessing/imap.py 7e240de74fb1ed08fa08d38063f6a6a91462a815,6,1547649853,995837359,1443.17,0.891037689,0.403547000,1.214234000
PYTHON_GIL=1,python3.13 ./src/1_multiprocessing/imap.py 7e240de74fb1ed08fa08d38063f6a6a91462a815,7,1551344568,986222365,1396.95,0.804046857,0.469793000,1.102738000
PYTHON_GIL=1,python3.13 ./src/1_multiprocessing/imap.py 7e240de74fb1ed08fa08d38063f6a6a91462a815,8,1562566376,1028597399,1421.67,0.813468391,0.679611000,0.925271000
PYTHON_GIL=1,python3.13 ./src/1_multiprocessing/imap.py 7e240de74fb1ed08fa08d38063f6a6a91462a815,9,1538694841,980329495,1423.41,0.812189602,0.558446000,1.048094000
PYTHON_GIL=1,python3.13 ./src/1_multiprocessing/imap.py 7e240de74fb1ed08fa08d38063f6a6a91462a815,10,1857232414,1852512551,1492.56,0.891676928,0.773396000,0.895557000
PYTHON_GIL=1,python3.13 ./src/1_multiprocessing/imap.py 7e240de74fb1ed08fa08d38063f6a6a91462a815,11,1562150126,1018704753,1459.02,0.931920696,0.304120000,1.338436000
PYTHON_GIL=1,python3.13 ./src/1_multiprocessing/imap.py 7e240de74fb1ed08fa08d38063f6a6a91462a815,12,1626038865,1621498670,1010.95,0.557076255,0.838855000,0.263265000
PYTHON_GIL=1,python3.13 ./src/1_multiprocessing/imap.py 7e240de74fb1ed08fa08d38063f6a6a91462a815,13,1554157448,984613486,1436.02,0.821711354,0.600607000,1.014507000
PYTHON_GIL=1,python3.13 ./src/1_multiprocessing/imap.py 7e240de74fb1ed08fa08d38063f6a6a91462a815,14,1572914289,1060424622,1417.80,0.819242405,0.632363000,0.964518000
PYTHON_GIL=1,python3.13 ./src/1_multiprocessing/imap.py 7e240de74fb1ed08fa08d38063f6a6a91462a815,15,1544683545,989184101,1404.90,0.819006923,0.338730000,1.237370000
PYTHON_GIL=1,python3.13 ./src/1_multiprocessing/imap.py 7e240de74fb1ed08fa08d38063f6a6a91462a815,16,1540356893,980964798,1431.21,0.815725568,0.728496000,0.881520000
PYTHON_GIL=1,python3.13 ./src/1_multiprocessing/imap.py 7e240de74fb1ed08fa08d38063f6a6a91462a815,17,1554347706,1013864244,1423.88,0.817313861,0.341452000,1.264937000
PYTHON_GIL=1,python3.13 ./src/1_multiprocessing/imap.py 7e240de74fb1ed08fa08d38063f6a6a91462a815,18,1539504924,984023376,1412.13,0.814599981,0.477945000,1.115535000
PYTHON_GIL=1,python3.13 ./src/1_multiprocessing/imap.py 7e240de74fb1ed08fa08d38063f6a6a91462a815,19,1544751396,973685985,1423.90,0.810233691,0.777229000,0.823023000
PYTHON_GIL=1,python3.13 ./src/1_multiprocessing/imap.py 7e240de74fb1ed08fa08d38063f6a6a91462a815,20,1534312588,1000968435,1408.25,0.809614207,0.569335000,1.015780000
PYTHON_GIL=1,python3.13 ./src/1_multiprocessing/imap.py 7e240de74fb1ed08fa08d38063f6a6a91462a815,21,1525149640,982039211,1397.43,0.801074172,0.608642000,0.963461000
PYTHON_GIL=1,python3.13 ./src/1_multiprocessing/imap.py 7e240de74fb1ed08fa08d38063f6a6a91462a815,22,1551907604,990405251,1446.00,0.837175998,1.136837000,0.494171000
PYTHON_GIL=1,python3.13 ./src/1_multiprocessing/imap.py 7e240de74fb1ed08fa08d38063f6a6a91462a815,23,1534839748,987440838,1404.37,0.810478866,0.610155000,0.974675000
PYTHON_GIL=1,python3.13 ./src/1_multiprocessing/imap.py 7e240de74fb1ed08fa08d38063f6a6a91462a815,24,1559721894,1032266991,1412.53,0.810466963,0.391896000,1.197299000
PYTHON_GIL=1,python3.13 ./src/1_multiprocessing/imap.py 7e240de74fb1ed08fa08d38063f6a6a91462a815,25,1502004598,968707648,1374.02,0.780688438,0.435263000,1.106491000
PYTHON_GIL=1,python3.13 ./src/1_multiprocessing/imap.py 7e240de74fb1ed08fa08d38063f6a6a91462a815,26,1531756886,988934783,1390.21,0.784912054,0.667731000,0.894782000
PYTHON_GIL=1,python3.13 ./src/1_multiprocessing/imap.py 7e240de74fb1ed08fa08d38063f6a6a91462a815,27,1551106294,1002331719,1418.50,0.807518564,0.811336000,0.781999000
PYTHON_GIL=1,python3.13 ./src/1_multiprocessing/imap.py 7e240de74fb1ed08fa08d38063f6a6a91462a815,28,1526488925,971537649,1400.13,0.792482974,0.749778000,0.826394000
PYTHON_GIL=1,python3.13 ./src/1_multiprocessing/imap.py 7e240de74fb1ed08fa08d38063f6a6a91462a815,29,1510186696,969195997,1396.95,0.789097009,0.666141000,0.903714000
PYTHON_GIL=1,python3.13 ./src/1_multiprocessing/imap.py 7e240de74fb1ed08fa08d38063f6a6a91462a815,30,1508899530,964223533,1396.44,0.877342351,0.681668000,0.888157000
PYTHON_GIL=1,python3.13 ./src/1_multiprocessing/map_async.py 7e240de74fb1ed08fa08d38063f6a6a91462a815,1,1931396496,3249995347,642.85,0.193973407,0.425584000,0.223889000
PYTHON_GIL=1,python3.13 ./src/1_multiprocessing/map_async.py 7e240de74fb1ed08fa08d38063f6a6a91462a815,2,1971161911,3268786942,711.97,0.202050079,0.515540000,0.202761000
PYTHON_GIL=1,python3.13 ./src/1_multiprocessing/map_async.py 7e240de74fb1ed08fa08d38063f6a6a91462a815,3,1810788257,3271400247,679.06,0.214515422,0.615523000,0.070944000
PYTHON_GIL=1,python3.13 ./src/1_multiprocessing/map_async.py 7e240de74fb1ed08fa08d38063f6a6a91462a815,4,1859671347,3306922287,711.02,0.211744373,0.509829000,0.208670000
PYTHON_GIL=1,python3.13 ./src/1_multiprocessing/map_async.py 7e240de74fb1ed08fa08d38063f6a6a91462a815,5,1837830709,3248011811,699.95,0.205456619,0.706313000,0.000000000
PYTHON_GIL=1,python3.13 ./src/1_multiprocessing/map_async.py 7e240de74fb1ed08fa08d38063f6a6a91462a815,6,2078613412,3617307394,775.41,0.249691257,0.781979000,0.000000000
PYTHON_GIL=1,python3.13 ./src/1_multiprocessing/map_async.py 7e240de74fb1ed08fa08d38063f6a6a91462a815,7,1897123308,3294097983,732.18,0.211272043,0.739659000,0.000000000
PYTHON_GIL=1,python3.13 ./src/1_multiprocessing/map_async.py 7e240de74fb1ed08fa08d38063f6a6a91462a815,8,1888498895,3252514252,724.57,0.214203253,0.666061000,0.065706000
PYTHON_GIL=1,python3.13 ./src/1_multiprocessing/map_async.py 7e240de74fb1ed08fa08d38063f6a6a91462a815,9,1925169676,3266321807,734.67,0.212358357,0.740417000,0.000000000
PYTHON_GIL=1,python3.13 ./src/1_multiprocessing/map_async.py 7e240de74fb1ed08fa08d38063f6a6a91462a815,10,1876182638,3231843317,723.52,0.212024128,0.623743000,0.106433000
PYTHON_GIL=1,python3.13 ./src/1_multiprocessing/map_async.py 7e240de74fb1ed08fa08d38063f6a6a91462a815,11,1862666278,3295048947,723.07,0.214371349,0.592744000,0.138216000
PYTHON_GIL=1,python3.13 ./src/1_multiprocessing/map_async.py 7e240de74fb1ed08fa08d38063f6a6a91462a815,12,1915342680,3276652408,728.09,0.211595864,0.630009000,0.104983000
PYTHON_GIL=1,python3.13 ./src/1_multiprocessing/map_async.py 7e240de74fb1ed08fa08d38063f6a6a91462a815,13,1939770575,3494310858,735.63,0.240774535,0.742673000,0.000000000
PYTHON_GIL=1,python3.13 ./src/1_multiprocessing/map_async.py 7e240de74fb1ed08fa08d38063f6a6a91462a815,14,1928505269,3296692680,778.65,0.216929628,0.785602000,0.000000000
PYTHON_GIL=1,python3.13 ./src/1_multiprocessing/map_async.py 7e240de74fb1ed08fa08d38063f6a6a91462a815,15,1843462157,3262012856,710.42,0.213938875,0.717007000,0.000000000
PYTHON_GIL=1,python3.13 ./src/1_multiprocessing/map_async.py 7e240de74fb1ed08fa08d38063f6a6a91462a815,16,1938880569,3268318555,745.35,0.212325547,0.534894000,0.217736000
PYTHON_GIL=1,python3.13 ./src/1_multiprocessing/map_async.py 7e240de74fb1ed08fa08d38063f6a6a91462a815,17,1903639311,3258281003,737.78,0.216318898,0.671139000,0.073557000
PYTHON_GIL=1,python3.13 ./src/1_multiprocessing/map_async.py 7e240de74fb1ed08fa08d38063f6a6a91462a815,18,1880778616,3272784599,727.82,0.214410608,0.625059000,0.109181000
PYTHON_GIL=1,python3.13 ./src/1_multiprocessing/map_async.py 7e240de74fb1ed08fa08d38063f6a6a91462a815,19,1970388787,3248299992,754.34,0.211754224,0.760992000,0.000000000
PYTHON_GIL=1,python3.13 ./src/1_multiprocessing/map_async.py 7e240de74fb1ed08fa08d38063f6a6a91462a815,20,1923814228,3289212522,743.51,0.213808334,0.715047000,0.034999000
PYTHON_GIL=1,python3.13 ./src/1_multiprocessing/map_async.py 7e240de74fb1ed08fa08d38063f6a6a91462a815,21,1960563854,3274896132,819.08,0.228894408,0.670924000,0.154483000
PYTHON_GIL=1,python3.13 ./src/1_multiprocessing/map_async.py 7e240de74fb1ed08fa08d38063f6a6a91462a815,22,2003142591,3273463750,869.50,0.239985770,0.874960000,0.000000000
PYTHON_GIL=1,python3.13 ./src/1_multiprocessing/map_async.py 7e240de74fb1ed08fa08d38063f6a6a91462a815,23,2022231458,3267509828,921.89,0.248329606,0.669638000,0.259068000
PYTHON_GIL=1,python3.13 ./src/1_multiprocessing/map_async.py 7e240de74fb1ed08fa08d38063f6a6a91462a815,24,2108111388,3280426452,951.19,0.269712223,0.958099000,0.000000000
PYTHON_GIL=1,python3.13 ./src/1_multiprocessing/map_async.py 7e240de74fb1ed08fa08d38063f6a6a91462a815,25,1942959550,3267062487,857.26,0.246328609,0.695297000,0.169192000
PYTHON_GIL=1,python3.13 ./src/1_multiprocessing/map_async.py 7e240de74fb1ed08fa08d38063f6a6a91462a815,26,1896789819,3295148644,758.49,0.223970055,0.695225000,0.070353000
PYTHON_GIL=1,python3.13 ./src/1_multiprocessing/map_async.py 7e240de74fb1ed08fa08d38063f6a6a91462a815,27,1894065594,3289065511,737.81,0.219329633,0.744997000,0.000000000
PYTHON_GIL=1,python3.13 ./src/1_multiprocessing/map_async.py 7e240de74fb1ed08fa08d38063f6a6a91462a815,28,1960306899,3308399331,744.94,0.224914406,0.677661000,0.074480000
PYTHON_GIL=1,python3.13 ./src/1_multiprocessing/map_async.py 7e240de74fb1ed08fa08d38063f6a6a91462a815,29,1892407511,3273623817,724.26,0.213882148,0.589671000,0.140868000
PYTHON_GIL=1,python3.13 ./src/1_multiprocessing/map_async.py 7e240de74fb1ed08fa08d38063f6a6a91462a815,30,1913174414,3260612036,734.16,0.224155869,0.741416000,0.000000000
PYTHON_GIL=1,python3.13 ./src/1_multiprocessing/map.py 7e240de74fb1ed08fa08d38063f6a6a91462a815,1,1906689343,3271232333,736.48,0.223552086,0.679528000,0.064524000
PYTHON_GIL=1,python3.13 ./src/1_multiprocessing/map.py 7e240de74fb1ed08fa08d38063f6a6a91462a815,2,1983074107,3287391693,760.07,0.220853914,0.655831000,0.111226000
PYTHON_GIL=1,python3.13 ./src/1_multiprocessing/map.py 7e240de74fb1ed08fa08d38063f6a6a91462a815,3,1898844350,3276479807,743.62,0.220654914,0.501217000,0.250232000
PYTHON_GIL=1,python3.13 ./src/1_multiprocessing/map.py 7e240de74fb1ed08fa08d38063f6a6a91462a815,4,1895314553,3268054737,731.76,0.217213835,0.739582000,0.000000000
PYTHON_GIL=1,python3.13 ./src/1_multiprocessing/map.py 7e240de74fb1ed08fa08d38063f6a6a91462a815,5,2076541996,3697499236,767.49,0.263980593,0.774848000,0.000000000
PYTHON_GIL=1,python3.13 ./src/1_multiprocessing/map.py 7e240de74fb1ed08fa08d38063f6a6a91462a815,6,1922224307,3284086541,725.08,0.209356085,0.730731000,0.000000000
PYTHON_GIL=1,python3.13 ./src/1_multiprocessing/map.py 7e240de74fb1ed08fa08d38063f6a6a91462a815,7,1929314743,3275562738,735.60,0.216872607,0.338627000,0.403743000
PYTHON_GIL=1,python3.13 ./src/1_multiprocessing/map.py 7e240de74fb1ed08fa08d38063f6a6a91462a815,8,1929891924,3260511936,738.30,0.214808559,0.603361000,0.141829000
PYTHON_GIL=1,python3.13 ./src/1_multiprocessing/map.py 7e240de74fb1ed08fa08d38063f6a6a91462a815,9,1964207956,3276611213,755.97,0.219739445,0.450392000,0.312939000
PYTHON_GIL=1,python3.13 ./src/1_multiprocessing/map.py 7e240de74fb1ed08fa08d38063f6a6a91462a815,10,1897560223,3306961341,736.31,0.223720691,0.668232000,0.074880000
PYTHON_GIL=1,python3.13 ./src/1_multiprocessing/map.py 7e240de74fb1ed08fa08d38063f6a6a91462a815,11,1838440726,3272088606,702.36,0.214246067,0.607349000,0.102138000
PYTHON_GIL=1,python3.13 ./src/1_multiprocessing/map.py 7e240de74fb1ed08fa08d38063f6a6a91462a815,12,1966300544,3265547663,746.43,0.212868883,0.647253000,0.105668000
PYTHON_GIL=1,python3.13 ./src/1_multiprocessing/map.py 7e240de74fb1ed08fa08d38063f6a6a91462a815,13,1998078386,3300511867,771.22,0.219308162,0.778233000,0.000000000
PYTHON_GIL=1,python3.13 ./src/1_multiprocessing/map.py 7e240de74fb1ed08fa08d38063f6a6a91462a815,14,1924840181,3275767766,747.96,0.218187359,0.469536000,0.285187000
PYTHON_GIL=1,python3.13 ./src/1_multiprocessing/map.py 7e240de74fb1ed08fa08d38063f6a6a91462a815,15,1890767438,3296945278,728.04,0.214855114,0.603808000,0.131241000
PYTHON_GIL=1,python3.13 ./src/1_multiprocessing/map.py 7e240de74fb1ed08fa08d38063f6a6a91462a815,16,1944331454,3260659088,745.84,0.215891953,0.692820000,0.060040000
PYTHON_GIL=1,python3.13 ./src/1_multiprocessing/map.py 7e240de74fb1ed08fa08d38063f6a6a91462a815,17,1949550792,3297193405,747.09,0.218031198,0.754474000,0.000000000
PYTHON_GIL=1,python3.13 ./src/1_multiprocessing/map.py 7e240de74fb1ed08fa08d38063f6a6a91462a815,18,1802074651,3243586340,699.17,0.212072137,0.705434000,0.000000000
PYTHON_GIL=1,python3.13 ./src/1_multiprocessing/map.py 7e240de74fb1ed08fa08d38063f6a6a91462a815,19,1831325052,3260380717,709.23,0.212245574,0.716468000,0.000000000
PYTHON_GIL=1,python3.13 ./src/1_multiprocessing/map.py 7e240de74fb1ed08fa08d38063f6a6a91462a815,20,1833903865,3268316906,712.47,0.218978411,0.720707000,0.000000000
PYTHON_GIL=1,python3.13 ./src/1_multiprocessing/map.py 7e240de74fb1ed08fa08d38063f6a6a91462a815,21,1896886195,3283249299,730.16,0.218390714,0.705633000,0.032051000
PYTHON_GIL=1,python3.13 ./src/1_multiprocessing/map.py 7e240de74fb1ed08fa08d38063f6a6a91462a815,22,1864983861,3298526094,706.48,0.216967836,0.616649000,0.096956000
PYTHON_GIL=1,python3.13 ./src/1_multiprocessing/map.py 7e240de74fb1ed08fa08d38063f6a6a91462a815,23,1972057753,3267201575,745.97,0.204502462,0.650781000,0.100760000
PYTHON_GIL=1,python3.13 ./src/1_multiprocessing/map.py 7e240de74fb1ed08fa08d38063f6a6a91462a815,24,1988442510,3305267125,760.56,0.208749602,0.699185000,0.068230000
PYTHON_GIL=1,python3.13 ./src/1_multiprocessing/map.py 7e240de74fb1ed08fa08d38063f6a6a91462a815,25,1887220210,3258817932,740.91,0.220523909,0.526379000,0.222006000
PYTHON_GIL=1,python3.13 ./src/1_multiprocessing/map.py 7e240de74fb1ed08fa08d38063f6a6a91462a815,26,1945975191,3265715539,758.27,0.223009886,0.583062000,0.182424000
PYTHON_GIL=1,python3.13 ./src/1_multiprocessing/map.py 7e240de74fb1ed08fa08d38063f6a6a91462a815,27,1852710278,3318028548,723.50,0.223169853,0.671949000,0.059553000
PYTHON_GIL=1,python3.13 ./src/1_multiprocessing/map.py 7e240de74fb1ed08fa08d38063f6a6a91462a815,28,1940377754,3259160160,739.11,0.213203873,0.439444000,0.306004000
PYTHON_GIL=1,python3.13 ./src/1_multiprocessing/map.py 7e240de74fb1ed08fa08d38063f6a6a91462a815,29,1974898655,3277600321,756.83,0.218488191,0.724570000,0.039151000
PYTHON_GIL=1,python3.13 ./src/1_multiprocessing/map.py 7e240de74fb1ed08fa08d38063f6a6a91462a815,30,1901249026,3285992223,733.47,0.213760394,0.679390000,0.061582000
PYTHON_GIL=1,python3.13 ./src/2_multithreading/executor.py 7e240de74fb1ed08fa08d38063f6a6a91462a815,1,618736816,1690198466,196.10,0.187774236,0.170045000,0.000000000
PYTHON_GIL=1,python3.13 ./src/2_multithreading/executor.py 7e240de74fb1ed08fa08d38063f6a6a91462a815,2,626837317,1691502391,181.57,0.174631604,0.153758000,0.000000000
PYTHON_GIL=1,python3.13 ./src/2_multithreading/executor.py 7e240de74fb1ed08fa08d38063f6a6a91462a815,3,670024488,1691215213,183.53,0.176999001,0.096672000,0.048336000
PYTHON_GIL=1,python3.13 ./src/2_multithreading/executor.py 7e240de74fb1ed08fa08d38063f6a6a91462a815,4,645199205,1693005371,173.60,0.167659763,0.141008000,0.000000000
PYTHON_GIL=1,python3.13 ./src/2_multithreading/executor.py 7e240de74fb1ed08fa08d38063f6a6a91462a815,5,664274419,1691735613,176.93,0.171006395,0.168415000,0.000000000
PYTHON_GIL=1,python3.13 ./src/2_multithreading/executor.py 7e240de74fb1ed08fa08d38063f6a6a91462a815,6,652465481,1691870167,175.34,0.170147149,0.123530000,0.000000000
PYTHON_GIL=1,python3.13 ./src/2_multithreading/executor.py 7e240de74fb1ed08fa08d38063f6a6a91462a815,7,626099430,1691202027,165.83,0.159939595,0.105661000,0.000000000
PYTHON_GIL=1,python3.13 ./src/2_multithreading/executor.py 7e240de74fb1ed08fa08d38063f6a6a91462a815,8,629207688,1692293045,168.96,0.163724418,0.139527000,0.000000000
PYTHON_GIL=1,python3.13 ./src/2_multithreading/executor.py 7e240de74fb1ed08fa08d38063f6a6a91462a815,9,628019330,1693078371,160.75,0.155723952,0.141551000,0.000000000
PYTHON_GIL=1,python3.13 ./src/2_multithreading/executor.py 7e240de74fb1ed08fa08d38063f6a6a91462a815,10,651478286,1689019970,169.77,0.164604270,0.160217000,0.000000000
PYTHON_GIL=1,python3.13 ./src/2_multithreading/executor.py 7e240de74fb1ed08fa08d38063f6a6a91462a815,11,644331746,1688847126,167.84,0.162933305,0.118693000,0.000000000
PYTHON_GIL=1,python3.13 ./src/2_multithreading/executor.py 7e240de74fb1ed08fa08d38063f6a6a91462a815,12,674228621,1691788142,179.91,0.172767942,0.163154000,0.000000000
PYTHON_GIL=1,python3.13 ./src/2_multithreading/executor.py 7e240de74fb1ed08fa08d38063f6a6a91462a815,13,637700440,1690637153,184.06,0.175186157,0.171309000,0.000000000
PYTHON_GIL=1,python3.13 ./src/2_multithreading/executor.py 7e240de74fb1ed08fa08d38063f6a6a91462a815,14,644215914,1690088774,185.02,0.175474733,0.158906000,0.000000000
PYTHON_GIL=1,python3.13 ./src/2_multithreading/executor.py 7e240de74fb1ed08fa08d38063f6a6a91462a815,15,660764963,1691411328,191.26,0.183954365,0.156988000,0.000000000
PYTHON_GIL=1,python3.13 ./src/2_multithreading/executor.py 7e240de74fb1ed08fa08d38063f6a6a91462a815,16,665177218,1691996222,185.87,0.178295016,0.176290000,0.000000000
PYTHON_GIL=1,python3.13 ./src/2_multithreading/executor.py 7e240de74fb1ed08fa08d38063f6a6a91462a815,17,666050946,1690951055,197.76,0.186628817,0.168719000,0.000000000
PYTHON_GIL=1,python3.13 ./src/2_multithreading/executor.py 7e240de74fb1ed08fa08d38063f6a6a91462a815,18,621960076,1692210879,174.76,0.168474630,0.155587000,0.000000000
PYTHON_GIL=1,python3.13 ./src/2_multithreading/executor.py 7e240de74fb1ed08fa08d38063f6a6a91462a815,19,624084484,1690167121,171.83,0.166287829,0.125052000,0.000000000
PYTHON_GIL=1,python3.13 ./src/2_multithreading/executor.py 7e240de74fb1ed08fa08d38063f6a6a91462a815,20,653546806,1691654590,184.15,0.173589950,0.142559000,0.000000000
PYTHON_GIL=1,python3.13 ./src/2_multithreading/executor.py 7e240de74fb1ed08fa08d38063f6a6a91462a815,21,671521862,1692420403,190.61,0.184001057,0.179262000,0.000000000
PYTHON_GIL=1,python3.13 ./src/2_multithreading/executor.py 7e240de74fb1ed08fa08d38063f6a6a91462a815,22,649706026,1692260420,174.16,0.168242846,0.137249000,0.000000000
PYTHON_GIL=1,python3.13 ./src/2_multithreading/executor.py 7e240de74fb1ed08fa08d38063f6a6a91462a815,23,658052410,1692175252,175.72,0.170988638,0.162784000,0.000000000
PYTHON_GIL=1,python3.13 ./src/2_multithreading/executor.py 7e240de74fb1ed08fa08d38063f6a6a91462a815,24,667460022,1691340124,185.08,0.177763562,0.176954000,0.000000000
PYTHON_GIL=1,python3.13 ./src/2_multithreading/executor.py 7e240de74fb1ed08fa08d38063f6a6a91462a815,25,650218139,1691835320,188.77,0.180179403,0.179515000,0.000000000
PYTHON_GIL=1,python3.13 ./src/2_multithreading/executor.py 7e240de74fb1ed08fa08d38063f6a6a91462a815,26,640822951,1692169672,179.06,0.173604759,0.114423000,0.057211000
PYTHON_GIL=1,python3.13 ./src/2_multithreading/executor.py 7e240de74fb1ed08fa08d38063f6a6a91462a815,27,627993814,1691236823,170.18,0.164774835,0.151622000,0.000000000
PYTHON_GIL=1,python3.13 ./src/2_multithreading/executor.py 7e240de74fb1ed08fa08d38063f6a6a91462a815,28,630654252,1690286662,168.77,0.163503693,0.080861000,0.080861000
PYTHON_GIL=1,python3.13 ./src/2_multithreading/executor.py 7e240de74fb1ed08fa08d38063f6a6a91462a815,29,654905730,1692232808,178.97,0.171854464,0.066638000,0.066638000
PYTHON_GIL=1,python3.13 ./src/2_multithreading/executor.py 7e240de74fb1ed08fa08d38063f6a6a91462a815,30,641056883,1689886644,186.04,0.175869550,0.140280000,0.000000000
PYTHON_GIL=0,python3.13-nogil ./src/2_multithreading/executor.py 7e240de74fb1ed08fa08d38063f6a6a91462a815,1,2115094600,2516103314,707.12,0.178443238,0.698870000,0.000000000
PYTHON_GIL=0,python3.13-nogil ./src/2_multithreading/executor.py 7e240de74fb1ed08fa08d38063f6a6a91462a815,2,1931791222,2520188482,613.56,0.155297982,0.603684000,0.000000000
PYTHON_GIL=0,python3.13-nogil ./src/2_multithreading/executor.py 7e240de74fb1ed08fa08d38063f6a6a91462a815,3,2137592742,2512477086,758.10,0.173535143,0.745520000,0.000000000
PYTHON_GIL=0,python3.13-nogil ./src/2_multithreading/executor.py 7e240de74fb1ed08fa08d38063f6a6a91462a815,4,2194703762,2533419723,741.26,0.170285365,0.732112000,0.000000000
PYTHON_GIL=0,python3.13-nogil ./src/2_multithreading/executor.py 7e240de74fb1ed08fa08d38063f6a6a91462a815,5,2218753260,2514173751,875.60,0.222847950,0.574014000,0.287007000
PYTHON_GIL=0,python3.13-nogil ./src/2_multithreading/executor.py 7e240de74fb1ed08fa08d38063f6a6a91462a815,6,2342864804,2518227001,887.27,0.203248338,0.872663000,0.000000000
PYTHON_GIL=0,python3.13-nogil ./src/2_multithreading/executor.py 7e240de74fb1ed08fa08d38063f6a6a91462a815,7,2199761084,2510058971,849.09,0.204664392,0.835933000,0.000000000
PYTHON_GIL=0,python3.13-nogil ./src/2_multithreading/executor.py 7e240de74fb1ed08fa08d38063f6a6a91462a815,8,2182041412,2512472523,851.22,0.201434700,0.840185000,0.000000000
PYTHON_GIL=0,python3.13-nogil ./src/2_multithreading/executor.py 7e240de74fb1ed08fa08d38063f6a6a91462a815,9,2008976115,2514006777,711.69,0.175249261,0.698961000,0.000000000
PYTHON_GIL=0,python3.13-nogil ./src/2_multithreading/executor.py 7e240de74fb1ed08fa08d38063f6a6a91462a815,10,2282801127,2517950597,804.23,0.177517941,0.794621000,0.000000000
PYTHON_GIL=0,python3.13-nogil ./src/2_multithreading/executor.py 7e240de74fb1ed08fa08d38063f6a6a91462a815,11,1899088294,2510903461,630.72,0.157102454,0.622195000,0.000000000
PYTHON_GIL=0,python3.13-nogil ./src/2_multithreading/executor.py 7e240de74fb1ed08fa08d38063f6a6a91462a815,12,2388325344,2549356768,906.16,0.200549489,0.896002000,0.000000000
PYTHON_GIL=0,python3.13-nogil ./src/2_multithreading/executor.py 7e240de74fb1ed08fa08d38063f6a6a91462a815,13,2087174230,2513092793,694.12,0.159271219,0.678375000,0.000000000
PYTHON_GIL=0,python3.13-nogil ./src/2_multithreading/executor.py 7e240de74fb1ed08fa08d38063f6a6a91462a815,14,1977635546,2550033722,670.46,0.168624820,0.663564000,0.000000000
PYTHON_GIL=0,python3.13-nogil ./src/2_multithreading/executor.py 7e240de74fb1ed08fa08d38063f6a6a91462a815,15,2209503611,2511842048,831.07,0.190344028,0.820992000,0.000000000
PYTHON_GIL=0,python3.13-nogil ./src/2_multithreading/executor.py 7e240de74fb1ed08fa08d38063f6a6a91462a815,16,2221672525,2518930860,822.53,0.193617813,0.813143000,0.000000000
PYTHON_GIL=0,python3.13-nogil ./src/2_multithreading/executor.py 7e240de74fb1ed08fa08d38063f6a6a91462a815,17,2272352334,2513943039,838.47,0.193521387,0.733519000,0.091689000
PYTHON_GIL=0,python3.13-nogil ./src/2_multithreading/executor.py 7e240de74fb1ed08fa08d38063f6a6a91462a815,18,2054728644,2513485789,785.40,0.196683338,0.768888000,0.000000000
PYTHON_GIL=0,python3.13-nogil ./src/2_multithreading/executor.py 7e240de74fb1ed08fa08d38063f6a6a91462a815,19,1842100323,2516422303,618.94,0.162654476,0.610198000,0.000000000
PYTHON_GIL=0,python3.13-nogil ./src/2_multithreading/executor.py 7e240de74fb1ed08fa08d38063f6a6a91462a815,20,1962244422,2533119671,683.29,0.175959273,0.550226000,0.110045000
PYTHON_GIL=0,python3.13-nogil ./src/2_multithreading/executor.py 7e240de74fb1ed08fa08d38063f6a6a91462a815,21,2244243214,2532183824,795.04,0.183405741,0.781395000,0.000000000
PYTHON_GIL=0,python3.13-nogil ./src/2_multithreading/executor.py 7e240de74fb1ed08fa08d38063f6a6a91462a815,22,2042547183,2513102498,678.97,0.161467481,0.603469000,0.067052000
PYTHON_GIL=0,python3.13-nogil ./src/2_multithreading/executor.py 7e240de74fb1ed08fa08d38063f6a6a91462a815,23,1983111286,2510918617,594.98,0.148100928,0.590516000,0.000000000
PYTHON_GIL=0,python3.13-nogil ./src/2_multithreading/executor.py 7e240de74fb1ed08fa08d38063f6a6a91462a815,24,2078091888,2516561972,637.35,0.145717779,0.623876000,0.000000000
PYTHON_GIL=0,python3.13-nogil ./src/2_multithreading/executor.py 7e240de74fb1ed08fa08d38063f6a6a91462a815,25,2011642651,2519611013,642.09,0.153494600,0.523146000,0.104629000
PYTHON_GIL=0,python3.13-nogil ./src/2_multithreading/executor.py 7e240de74fb1ed08fa08d38063f6a6a91462a815,26,1863302483,2524132801,599.33,0.152363735,0.595694000,0.000000000
PYTHON_GIL=0,python3.13-nogil ./src/2_multithreading/executor.py 7e240de74fb1ed08fa08d38063f6a6a91462a815,27,2021828957,2532105836,653.97,0.157657081,0.549152000,0.091525000
PYTHON_GIL=0,python3.13-nogil ./src/2_multithreading/executor.py 7e240de74fb1ed08fa08d38063f6a6a91462a815,28,1890338339,2512295513,611.41,0.154913342,0.601637000,0.000000000
PYTHON_GIL=0,python3.13-nogil ./src/2_multithreading/executor.py 7e240de74fb1ed08fa08d38063f6a6a91462a815,29,1980983958,2522935323,650.51,0.157803595,0.644567000,0.000000000
PYTHON_GIL=0,python3.13-nogil ./src/2_multithreading/executor.py 7e240de74fb1ed08fa08d38063f6a6a91462a815,30,1890155408,2519885352,618.53,0.158684320,0.613095000,0.000000000
PYTHON_GIL=1,python3.13 ./src/2_multithreading/workers.py 7e240de74fb1ed08fa08d38063f6a6a91462a815,1,109516912,207083318,42.73,0.041661156,0.041335000,0.000000000
PYTHON_GIL=1,python3.13 ./src/2_multithreading/workers.py 7e240de74fb1ed08fa08d38063f6a6a91462a815,2,115318715,216552941,43.99,0.043215438,0.042392000,0.000000000
PYTHON_GIL=1,python3.13 ./src/2_multithreading/workers.py 7e240de74fb1ed08fa08d38063f6a6a91462a815,3,118810241,235561821,42.87,0.043089880,0.041790000,0.000000000
PYTHON_GIL=1,python3.13 ./src/2_multithreading/workers.py 7e240de74fb1ed08fa08d38063f6a6a91462a815,4,123238043,246642140,42.50,0.042736201,0.041404000,0.000000000
PYTHON_GIL=1,python3.13 ./src/2_multithreading/workers.py 7e240de74fb1ed08fa08d38063f6a6a91462a815,5,236248642,642980597,79.38,0.077304023,0.000000000,0.076655000
PYTHON_GIL=1,python3.13 ./src/2_multithreading/workers.py 7e240de74fb1ed08fa08d38063f6a6a91462a815,6,162855893,388542555,52.45,0.052147311,0.051255000,0.000000000
PYTHON_GIL=1,python3.13 ./src/2_multithreading/workers.py 7e240de74fb1ed08fa08d38063f6a6a91462a815,7,253508231,729075718,78.75,0.076308098,0.077183000,0.000000000
PYTHON_GIL=1,python3.13 ./src/2_multithreading/workers.py 7e240de74fb1ed08fa08d38063f6a6a91462a815,8,332272620,995265161,99.76,0.096030413,0.097889000,0.000000000
PYTHON_GIL=1,python3.13 ./src/2_multithreading/workers.py 7e240de74fb1ed08fa08d38063f6a6a91462a815,9,336522421,1025449368,97.48,0.094141536,0.096030000,0.000000000
PYTHON_GIL=1,python3.13 ./src/2_multithreading/workers.py 7e240de74fb1ed08fa08d38063f6a6a91462a815,10,126554219,254303133,40.01,0.040378669,0.039012000,0.000000000
PYTHON_GIL=1,python3.13 ./src/2_multithreading/workers.py 7e240de74fb1ed08fa08d38063f6a6a91462a815,11,355129031,1103371993,104.23,0.100628360,0.051488000,0.051488000
PYTHON_GIL=1,python3.13 ./src/2_multithreading/workers.py 7e240de74fb1ed08fa08d38063f6a6a91462a815,12,211917392,550246650,64.60,0.063647765,0.000000000,0.062822000
PYTHON_GIL=1,python3.13 ./src/2_multithreading/workers.py 7e240de74fb1ed08fa08d38063f6a6a91462a815,13,344783806,1073321810,99.82,0.096544817,0.098403000,0.000000000
PYTHON_GIL=1,python3.13 ./src/2_multithreading/workers.py 7e240de74fb1ed08fa08d38063f6a6a91462a815,14,206538092,553748034,63.34,0.061997238,0.061893000,0.000000000
PYTHON_GIL=1,python3.13 ./src/2_multithreading/workers.py 7e240de74fb1ed08fa08d38063f6a6a91462a815,15,308170346,901394227,90.25,0.087621039,0.000000000,0.088986000
PYTHON_GIL=1,python3.13 ./src/2_multithreading/workers.py 7e240de74fb1ed08fa08d38063f6a6a91462a815,16,248682113,707485893,75.37,0.073490859,0.073755000,0.000000000
PYTHON_GIL=1,python3.13 ./src/2_multithreading/workers.py 7e240de74fb1ed08fa08d38063f6a6a91462a815,17,295848083,862844850,90.46,0.087181694,0.088796000,0.000000000
PYTHON_GIL=1,python3.13 ./src/2_multithreading/workers.py 7e240de74fb1ed08fa08d38063f6a6a91462a815,18,255207336,711300829,75.73,0.073148344,0.073984000,0.000000000
PYTHON_GIL=1,python3.13 ./src/2_multithreading/workers.py 7e240de74fb1ed08fa08d38063f6a6a91462a815,19,307350488,893089542,90.08,0.087216183,0.088525000,0.000000000
PYTHON_GIL=1,python3.13 ./src/2_multithreading/workers.py 7e240de74fb1ed08fa08d38063f6a6a91462a815,20,257232098,734243360,76.82,0.074157556,0.075550000,0.000000000
PYTHON_GIL=1,python3.13 ./src/2_multithreading/workers.py 7e240de74fb1ed08fa08d38063f6a6a91462a815,21,277510027,797897499,83.26,0.079696247,0.081920000,0.000000000
PYTHON_GIL=1,python3.13 ./src/2_multithreading/workers.py 7e240de74fb1ed08fa08d38063f6a6a91462a815,22,282574901,826386342,86.35,0.083505011,0.084936000,0.000000000
PYTHON_GIL=1,python3.13 ./src/2_multithreading/workers.py 7e240de74fb1ed08fa08d38063f6a6a91462a815,23,294181006,871472455,86.65,0.083823825,0.000000000,0.085098000
PYTHON_GIL=1,python3.13 ./src/2_multithreading/workers.py 7e240de74fb1ed08fa08d38063f6a6a91462a815,24,253696821,697796337,75.96,0.073895641,0.074321000,0.000000000
PYTHON_GIL=1,python3.13 ./src/2_multithreading/workers.py 7e240de74fb1ed08fa08d38063f6a6a91462a815,25,269085577,782913863,77.95,0.076132873,0.076269000,0.000000000
PYTHON_GIL=1,python3.13 ./src/2_multithreading/workers.py 7e240de74fb1ed08fa08d38063f6a6a91462a815,26,305157763,893184811,89.09,0.086123120,0.086668000,0.000000000
PYTHON_GIL=1,python3.13 ./src/2_multithreading/workers.py 7e240de74fb1ed08fa08d38063f6a6a91462a815,27,260286474,739452867,75.44,0.073292818,0.074677000,0.000000000
PYTHON_GIL=1,python3.13 ./src/2_multithreading/workers.py 7e240de74fb1ed08fa08d38063f6a6a91462a815,28,289337599,843257478,84.22,0.081124610,0.000000000,0.083226000
PYTHON_GIL=1,python3.13 ./src/2_multithreading/workers.py 7e240de74fb1ed08fa08d38063f6a6a91462a815,29,283531344,824711932,83.11,0.080135464,0.000000000,0.081391000
PYTHON_GIL=1,python3.13 ./src/2_multithreading/workers.py 7e240de74fb1ed08fa08d38063f6a6a91462a815,30,249308180,679933558,76.99,0.075104785,0.075769000,0.000000000
PYTHON_GIL=0,python3.13-nogil ./src/2_multithreading/workers.py 7e240de74fb1ed08fa08d38063f6a6a91462a815,1,114857363,167237681,47.14,0.039761639,0.047442000,0.000000000
PYTHON_GIL=0,python3.13-nogil ./src/2_multithreading/workers.py 7e240de74fb1ed08fa08d38063f6a6a91462a815,2,117037224,171462826,41.50,0.033337071,0.041966000,0.000000000
PYTHON_GIL=0,python3.13-nogil ./src/2_multithreading/workers.py 7e240de74fb1ed08fa08d38063f6a6a91462a815,3,113395167,168173952,39.25,0.032723506,0.040414000,0.000000000
PYTHON_GIL=0,python3.13-nogil ./src/2_multithreading/workers.py 7e240de74fb1ed08fa08d38063f6a6a91462a815,4,113331746,166412374,39.28,0.032587040,0.040569000,0.000000000
PYTHON_GIL=0,python3.13-nogil ./src/2_multithreading/workers.py 7e240de74fb1ed08fa08d38063f6a6a91462a815,5,114538259,167646462,39.06,0.032381848,0.040125000,0.000000000
PYTHON_GIL=0,python3.13-nogil ./src/2_multithreading/workers.py 7e240de74fb1ed08fa08d38063f6a6a91462a815,6,116948282,170326199,47.36,0.113743480,0.047929000,0.000000000
PYTHON_GIL=0,python3.13-nogil ./src/2_multithreading/workers.py 7e240de74fb1ed08fa08d38063f6a6a91462a815,7,116682247,169383307,37.16,0.030664753,0.038059000,0.000000000
PYTHON_GIL=0,python3.13-nogil ./src/2_multithreading/workers.py 7e240de74fb1ed08fa08d38063f6a6a91462a815,8,122136476,172143878,38.73,0.031409558,0.039806000,0.000000000
PYTHON_GIL=0,python3.13-nogil ./src/2_multithreading/workers.py 7e240de74fb1ed08fa08d38063f6a6a91462a815,9,115831743,168157676,36.56,0.030134365,0.037316000,0.000000000
PYTHON_GIL=0,python3.13-nogil ./src/2_multithreading/workers.py 7e240de74fb1ed08fa08d38063f6a6a91462a815,10,113901210,166438732,37.24,0.030575324,0.037784000,0.000000000
PYTHON_GIL=0,python3.13-nogil ./src/2_multithreading/workers.py 7e240de74fb1ed08fa08d38063f6a6a91462a815,11,115825461,169522240,38.03,0.031351146,0.038179000,0.000000000
PYTHON_GIL=0,python3.13-nogil ./src/2_multithreading/workers.py 7e240de74fb1ed08fa08d38063f6a6a91462a815,12,114099188,167936284,37.05,0.030559181,0.037725000,0.000000000
PYTHON_GIL=0,python3.13-nogil ./src/2_multithreading/workers.py 7e240de74fb1ed08fa08d38063f6a6a91462a815,13,121288550,175084140,38.32,0.031412509,0.039678000,0.000000000
PYTHON_GIL=0,python3.13-nogil ./src/2_multithreading/workers.py 7e240de74fb1ed08fa08d38063f6a6a91462a815,14,112981021,166201430,45.93,0.039093784,0.046346000,0.000000000
PYTHON_GIL=0,python3.13-nogil ./src/2_multithreading/workers.py 7e240de74fb1ed08fa08d38063f6a6a91462a815,15,120879943,175232868,40.27,0.032441695,0.000000000,0.040698000
PYTHON_GIL=0,python3.13-nogil ./src/2_multithreading/workers.py 7e240de74fb1ed08fa08d38063f6a6a91462a815,16,113559968,168329927,39.35,0.032504503,0.039568000,0.000000000
PYTHON_GIL=0,python3.13-nogil ./src/2_multithreading/workers.py 7e240de74fb1ed08fa08d38063f6a6a91462a815,17,114146610,168976402,37.69,0.031335278,0.038518000,0.000000000
PYTHON_GIL=0,python3.13-nogil ./src/2_multithreading/workers.py 7e240de74fb1ed08fa08d38063f6a6a91462a815,18,114419638,168184170,38.15,0.031472362,0.039082000,0.000000000
PYTHON_GIL=0,python3.13-nogil ./src/2_multithreading/workers.py 7e240de74fb1ed08fa08d38063f6a6a91462a815,19,114735530,166538629,36.90,0.030993141,0.037807000,0.000000000
PYTHON_GIL=0,python3.13-nogil ./src/2_multithreading/workers.py 7e240de74fb1ed08fa08d38063f6a6a91462a815,20,117819774,167813625,38.65,0.030584293,0.038717000,0.000000000
PYTHON_GIL=0,python3.13-nogil ./src/2_multithreading/workers.py 7e240de74fb1ed08fa08d38063f6a6a91462a815,21,115097544,168975037,38.48,0.032162396,0.000000000,0.039767000
PYTHON_GIL=0,python3.13-nogil ./src/2_multithreading/workers.py 7e240de74fb1ed08fa08d38063f6a6a91462a815,22,118264494,173778540,39.13,0.032563250,0.039679000,0.000000000
PYTHON_GIL=0,python3.13-nogil ./src/2_multithreading/workers.py 7e240de74fb1ed08fa08d38063f6a6a91462a815,23,118547952,172921723,39.20,0.032799117,0.039311000,0.000000000
PYTHON_GIL=0,python3.13-nogil ./src/2_multithreading/workers.py 7e240de74fb1ed08fa08d38063f6a6a91462a815,24,121730681,173173399,40.08,0.032572821,0.041033000,0.000000000
PYTHON_GIL=0,python3.13-nogil ./src/2_multithreading/workers.py 7e240de74fb1ed08fa08d38063f6a6a91462a815,25,117444546,172973305,39.11,0.031519604,0.039053000,0.000000000
PYTHON_GIL=0,python3.13-nogil ./src/2_multithreading/workers.py 7e240de74fb1ed08fa08d38063f6a6a91462a815,26,113981897,167066999,38.29,0.031385445,0.031692000,0.007923000
PYTHON_GIL=0,python3.13-nogil ./src/2_multithreading/workers.py 7e240de74fb1ed08fa08d38063f6a6a91462a815,27,114703356,170678482,38.93,0.032097768,0.038899000,0.000000000
PYTHON_GIL=0,python3.13-nogil ./src/2_multithreading/workers.py 7e240de74fb1ed08fa08d38063f6a6a91462a815,28,116164872,169084197,39.51,0.032668775,0.039719000,0.000000000
PYTHON_GIL=0,python3.13-nogil ./src/2_multithreading/workers.py 7e240de74fb1ed08fa08d38063f6a6a91462a815,29,114427575,167802393,39.29,0.032477556,0.039107000,0.000000000
PYTHON_GIL=0,python3.13-nogil ./src/2_multithreading/workers.py 7e240de74fb1ed08fa08d38063f6a6a91462a815,30,120331683,169636654,40.53,0.032690600,0.020181000,0.020181000
PYTHON_GIL=1,python3.13 ./src/3_ctypes/invoke_hashcat.py ./src/3_ctypes/libhashcat.so 7e240de74fb1ed08fa08d38063f6a6a91462a815,1,59442286,110275887,16.37,0.015691463,0.016784000,0.000000000
PYTHON_GIL=1,python3.13 ./src/3_ctypes/invoke_hashcat.py ./src/3_ctypes/libhashcat.so 7e240de74fb1ed08fa08d38063f6a6a91462a815,2,59286148,110330751,16.44,0.015726347,0.016794000,0.000000000
PYTHON_GIL=1,python3.13 ./src/3_ctypes/invoke_hashcat.py ./src/3_ctypes/libhashcat.so 7e240de74fb1ed08fa08d38063f6a6a91462a815,3,58522408,110122808,16.08,0.015380759,0.016435000,0.000000000
PYTHON_GIL=1,python3.13 ./src/3_ctypes/invoke_hashcat.py ./src/3_ctypes/libhashcat.so 7e240de74fb1ed08fa08d38063f6a6a91462a815,4,59620252,110264859,16.30,0.015644147,0.016675000,0.000000000
PYTHON_GIL=1,python3.13 ./src/3_ctypes/invoke_hashcat.py ./src/3_ctypes/libhashcat.so 7e240de74fb1ed08fa08d38063f6a6a91462a815,5,58728629,110382178,16.20,0.015478985,0.016572000,0.000000000
PYTHON_GIL=1,python3.13 ./src/3_ctypes/invoke_hashcat.py ./src/3_ctypes/libhashcat.so 7e240de74fb1ed08fa08d38063f6a6a91462a815,6,58792387,110338055,15.97,0.015278999,0.016315000,0.000000000
PYTHON_GIL=1,python3.13 ./src/3_ctypes/invoke_hashcat.py ./src/3_ctypes/libhashcat.so 7e240de74fb1ed08fa08d38063f6a6a91462a815,7,58146757,110352041,15.98,0.015249547,0.016288000,0.000000000
PYTHON_GIL=1,python3.13 ./src/3_ctypes/invoke_hashcat.py ./src/3_ctypes/libhashcat.so 7e240de74fb1ed08fa08d38063f6a6a91462a815,8,58139067,110239366,15.83,0.015176746,0.016210000,0.000000000
PYTHON_GIL=1,python3.13 ./src/3_ctypes/invoke_hashcat.py ./src/3_ctypes/libhashcat.so 7e240de74fb1ed08fa08d38063f6a6a91462a815,9,59855046,110342908,16.13,0.015446444,0.016504000,0.000000000
PYTHON_GIL=1,python3.13 ./src/3_ctypes/invoke_hashcat.py ./src/3_ctypes/libhashcat.so 7e240de74fb1ed08fa08d38063f6a6a91462a815,10,58328429,110157029,15.90,0.015176204,0.016249000,0.000000000
PYTHON_GIL=1,python3.13 ./src/3_ctypes/invoke_hashcat.py ./src/3_ctypes/libhashcat.so 7e240de74fb1ed08fa08d38063f6a6a91462a815,11,58545845,110370594,15.72,0.015078123,0.016087000,0.000000000
PYTHON_GIL=1,python3.13 ./src/3_ctypes/invoke_hashcat.py ./src/3_ctypes/libhashcat.so 7e240de74fb1ed08fa08d38063f6a6a91462a815,12,58303894,110280938,16.04,0.015456890,0.016520000,0.000000000
PYTHON_GIL=1,python3.13 ./src/3_ctypes/invoke_hashcat.py ./src/3_ctypes/libhashcat.so 7e240de74fb1ed08fa08d38063f6a6a91462a815,13,58357413,110348244,16.03,0.015342992,0.016372000,0.000000000
PYTHON_GIL=1,python3.13 ./src/3_ctypes/invoke_hashcat.py ./src/3_ctypes/libhashcat.so 7e240de74fb1ed08fa08d38063f6a6a91462a815,14,58728713,110371491,15.84,0.015185411,0.016234000,0.000000000
PYTHON_GIL=1,python3.13 ./src/3_ctypes/invoke_hashcat.py ./src/3_ctypes/libhashcat.so 7e240de74fb1ed08fa08d38063f6a6a91462a815,15,58321006,110533220,16.19,0.015551170,0.016534000,0.000000000
PYTHON_GIL=1,python3.13 ./src/3_ctypes/invoke_hashcat.py ./src/3_ctypes/libhashcat.so 7e240de74fb1ed08fa08d38063f6a6a91462a815,16,57967409,110137607,16.08,0.015395296,0.016441000,0.000000000
PYTHON_GIL=1,python3.13 ./src/3_ctypes/invoke_hashcat.py ./src/3_ctypes/libhashcat.so 7e240de74fb1ed08fa08d38063f6a6a91462a815,17,57308266,110254564,15.89,0.015328627,0.016317000,0.000000000
PYTHON_GIL=1,python3.13 ./src/3_ctypes/invoke_hashcat.py ./src/3_ctypes/libhashcat.so 7e240de74fb1ed08fa08d38063f6a6a91462a815,18,57436840,110293060,15.84,0.015257953,0.016281000,0.000000000
PYTHON_GIL=1,python3.13 ./src/3_ctypes/invoke_hashcat.py ./src/3_ctypes/libhashcat.so 7e240de74fb1ed08fa08d38063f6a6a91462a815,19,57929686,110197512,15.99,0.015316930,0.016354000,0.000000000
PYTHON_GIL=1,python3.13 ./src/3_ctypes/invoke_hashcat.py ./src/3_ctypes/libhashcat.so 7e240de74fb1ed08fa08d38063f6a6a91462a815,20,58396351,110225047,15.90,0.015185295,0.016277000,0.000000000
PYTHON_GIL=1,python3.13 ./src/3_ctypes/invoke_hashcat.py ./src/3_ctypes/libhashcat.so 7e240de74fb1ed08fa08d38063f6a6a91462a815,21,58281813,110336974,15.93,0.015243318,0.016292000,0.000000000
PYTHON_GIL=1,python3.13 ./src/3_ctypes/invoke_hashcat.py ./src/3_ctypes/libhashcat.so 7e240de74fb1ed08fa08d38063f6a6a91462a815,22,58248598,110444023,15.84,0.015193112,0.016337000,0.000000000
PYTHON_GIL=1,python3.13 ./src/3_ctypes/invoke_hashcat.py ./src/3_ctypes/libhashcat.so 7e240de74fb1ed08fa08d38063f6a6a91462a815,23,57890211,110188175,15.65,0.014999825,0.015985000,0.000000000
PYTHON_GIL=1,python3.13 ./src/3_ctypes/invoke_hashcat.py ./src/3_ctypes/libhashcat.so 7e240de74fb1ed08fa08d38063f6a6a91462a815,24,59244765,110321246,16.07,0.015390392,0.016429000,0.000000000
PYTHON_GIL=1,python3.13 ./src/3_ctypes/invoke_hashcat.py ./src/3_ctypes/libhashcat.so 7e240de74fb1ed08fa08d38063f6a6a91462a815,25,57808281,110182431,16.11,0.015407286,0.016492000,0.000000000
PYTHON_GIL=1,python3.13 ./src/3_ctypes/invoke_hashcat.py ./src/3_ctypes/libhashcat.so 7e240de74fb1ed08fa08d38063f6a6a91462a815,26,58217015,110434937,16.10,0.015419411,0.016482000,0.000000000
PYTHON_GIL=1,python3.13 ./src/3_ctypes/invoke_hashcat.py ./src/3_ctypes/libhashcat.so 7e240de74fb1ed08fa08d38063f6a6a91462a815,27,58350497,110408775,16.12,0.015434406,0.016485000,0.000000000
PYTHON_GIL=1,python3.13 ./src/3_ctypes/invoke_hashcat.py ./src/3_ctypes/libhashcat.so 7e240de74fb1ed08fa08d38063f6a6a91462a815,28,58460412,110320479,16.34,0.015714000,0.016737000,0.000000000
PYTHON_GIL=1,python3.13 ./src/3_ctypes/invoke_hashcat.py ./src/3_ctypes/libhashcat.so 7e240de74fb1ed08fa08d38063f6a6a91462a815,29,58069087,110287885,16.24,0.015562754,0.016623000,0.000000000
PYTHON_GIL=1,python3.13 ./src/3_ctypes/invoke_hashcat.py ./src/3_ctypes/libhashcat.so 7e240de74fb1ed08fa08d38063f6a6a91462a815,30,59016275,110153677,16.97,0.016181120,0.017355000,0.000000000
PYTHON_GIL=1,python3.13 ./src/3_ctypes/invoke_hashcat.py ./src/3_ctypes/libhashcat_openmp.so 7e240de74fb1ed08fa08d38063f6a6a91462a815,1,106547391,70088137,30.89,0.014381011,0.016491000,0.000000000
PYTHON_GIL=1,python3.13 ./src/3_ctypes/invoke_hashcat.py ./src/3_ctypes/libhashcat_openmp.so 7e240de74fb1ed08fa08d38063f6a6a91462a815,2,104387334,70146742,30.82,0.014237991,0.016356000,0.000000000
PYTHON_GIL=1,python3.13 ./src/3_ctypes/invoke_hashcat.py ./src/3_ctypes/libhashcat_openmp.so 7e240de74fb1ed08fa08d38063f6a6a91462a815,3,108806346,70202705,31.48,0.014857969,0.017079000,0.000000000
PYTHON_GIL=1,python3.13 ./src/3_ctypes/invoke_hashcat.py ./src/3_ctypes/libhashcat_openmp.so 7e240de74fb1ed08fa08d38063f6a6a91462a815,4,104885493,70338123,31.27,0.014527601,0.016673000,0.000000000
PYTHON_GIL=1,python3.13 ./src/3_ctypes/invoke_hashcat.py ./src/3_ctypes/libhashcat_openmp.so 7e240de74fb1ed08fa08d38063f6a6a91462a815,5,109963286,70395814,32.19,0.014326024,0.016496000,0.000000000
PYTHON_GIL=1,python3.13 ./src/3_ctypes/invoke_hashcat.py ./src/3_ctypes/libhashcat_openmp.so 7e240de74fb1ed08fa08d38063f6a6a91462a815,6,106162898,70005598,30.30,0.014035024,0.016133000,0.000000000
PYTHON_GIL=1,python3.13 ./src/3_ctypes/invoke_hashcat.py ./src/3_ctypes/libhashcat_openmp.so 7e240de74fb1ed08fa08d38063f6a6a91462a815,7,106357173,70142373,30.74,0.014554494,0.016617000,0.000000000
PYTHON_GIL=1,python3.13 ./src/3_ctypes/invoke_hashcat.py ./src/3_ctypes/libhashcat_openmp.so 7e240de74fb1ed08fa08d38063f6a6a91462a815,8,102330139,69896796,30.39,0.013931504,0.016261000,0.000000000
PYTHON_GIL=1,python3.13 ./src/3_ctypes/invoke_hashcat.py ./src/3_ctypes/libhashcat_openmp.so 7e240de74fb1ed08fa08d38063f6a6a91462a815,9,105522519,70299834,30.87,0.014393084,0.016710000,0.000000000
PYTHON_GIL=1,python3.13 ./src/3_ctypes/invoke_hashcat.py ./src/3_ctypes/libhashcat_openmp.so 7e240de74fb1ed08fa08d38063f6a6a91462a815,10,118512132,70850203,42.17,0.025021661,0.027109000,0.000000000
PYTHON_GIL=1,python3.13 ./src/3_ctypes/invoke_hashcat.py ./src/3_ctypes/libhashcat_openmp.so 7e240de74fb1ed08fa08d38063f6a6a91462a815,11,106950963,69990017,32.38,0.014755556,0.017001000,0.000000000
PYTHON_GIL=1,python3.13 ./src/3_ctypes/invoke_hashcat.py ./src/3_ctypes/libhashcat_openmp.so 7e240de74fb1ed08fa08d38063f6a6a91462a815,12,107158148,69822015,31.79,0.014895630,0.017027000,0.000000000
PYTHON_GIL=1,python3.13 ./src/3_ctypes/invoke_hashcat.py ./src/3_ctypes/libhashcat_openmp.so 7e240de74fb1ed08fa08d38063f6a6a91462a815,13,107762856,70150703,31.10,0.014566080,0.016731000,0.000000000
PYTHON_GIL=1,python3.13 ./src/3_ctypes/invoke_hashcat.py ./src/3_ctypes/libhashcat_openmp.so 7e240de74fb1ed08fa08d38063f6a6a91462a815,14,101692018,69782307,31.28,0.014581845,0.016640000,0.000000000
PYTHON_GIL=1,python3.13 ./src/3_ctypes/invoke_hashcat.py ./src/3_ctypes/libhashcat_openmp.so 7e240de74fb1ed08fa08d38063f6a6a91462a815,15,117328599,70709202,35.02,0.016110243,0.017323000,0.000000000
PYTHON_GIL=1,python3.13 ./src/3_ctypes/invoke_hashcat.py ./src/3_ctypes/libhashcat_openmp.so 7e240de74fb1ed08fa08d38063f6a6a91462a815,16,110605530,70106626,32.88,0.014499948,0.016652000,0.000000000
PYTHON_GIL=1,python3.13 ./src/3_ctypes/invoke_hashcat.py ./src/3_ctypes/libhashcat_openmp.so 7e240de74fb1ed08fa08d38063f6a6a91462a815,17,110783924,70278781,31.74,0.014706816,0.016881000,0.000000000
PYTHON_GIL=1,python3.13 ./src/3_ctypes/invoke_hashcat.py ./src/3_ctypes/libhashcat_openmp.so 7e240de74fb1ed08fa08d38063f6a6a91462a815,18,105978586,70541053,31.07,0.014981743,0.016626000,0.000000000
PYTHON_GIL=1,python3.13 ./src/3_ctypes/invoke_hashcat.py ./src/3_ctypes/libhashcat_openmp.so 7e240de74fb1ed08fa08d38063f6a6a91462a815,19,105522154,70206622,31.10,0.014248063,0.016292000,0.000000000
PYTHON_GIL=1,python3.13 ./src/3_ctypes/invoke_hashcat.py ./src/3_ctypes/libhashcat_openmp.so 7e240de74fb1ed08fa08d38063f6a6a91462a815,20,111176984,70475977,31.93,0.014807230,0.016910000,0.000000000
PYTHON_GIL=1,python3.13 ./src/3_ctypes/invoke_hashcat.py ./src/3_ctypes/libhashcat_openmp.so 7e240de74fb1ed08fa08d38063f6a6a91462a815,21,120604321,70659463,41.24,0.019502739,0.022055000,0.000000000
PYTHON_GIL=1,python3.13 ./src/3_ctypes/invoke_hashcat.py ./src/3_ctypes/libhashcat_openmp.so 7e240de74fb1ed08fa08d38063f6a6a91462a815,22,105875607,70194131,29.57,0.013128724,0.015289000,0.000000000
PYTHON_GIL=1,python3.13 ./src/3_ctypes/invoke_hashcat.py ./src/3_ctypes/libhashcat_openmp.so 7e240de74fb1ed08fa08d38063f6a6a91462a815,23,106745109,69972342,30.26,0.013746668,0.015920000,0.000000000
PYTHON_GIL=1,python3.13 ./src/3_ctypes/invoke_hashcat.py ./src/3_ctypes/libhashcat_openmp.so 7e240de74fb1ed08fa08d38063f6a6a91462a815,24,109500867,70096259,30.95,0.013585656,0.015566000,0.000000000
PYTHON_GIL=1,python3.13 ./src/3_ctypes/invoke_hashcat.py ./src/3_ctypes/libhashcat_openmp.so 7e240de74fb1ed08fa08d38063f6a6a91462a815,25,158980985,72412133,43.58,0.015458471,0.023967000,0.000000000
PYTHON_GIL=1,python3.13 ./src/3_ctypes/invoke_hashcat.py ./src/3_ctypes/libhashcat_openmp.so 7e240de74fb1ed08fa08d38063f6a6a91462a815,26,101725986,69939344,29.78,0.013144939,0.015026000,0.000000000
PYTHON_GIL=1,python3.13 ./src/3_ctypes/invoke_hashcat.py ./src/3_ctypes/libhashcat_openmp.so 7e240de74fb1ed08fa08d38063f6a6a91462a815,27,105677047,69933095,29.81,0.013020534,0.015255000,0.000000000
PYTHON_GIL=1,python3.13 ./src/3_ctypes/invoke_hashcat.py ./src/3_ctypes/libhashcat_openmp.so 7e240de74fb1ed08fa08d38063f6a6a91462a815,28,108750067,70099081,29.82,0.013173928,0.015162000,0.000000000
PYTHON_GIL=1,python3.13 ./src/3_ctypes/invoke_hashcat.py ./src/3_ctypes/libhashcat_openmp.so 7e240de74fb1ed08fa08d38063f6a6a91462a815,29,106698724,70367715,29.15,0.013275668,0.014848000,0.000000000
PYTHON_GIL=1,python3.13 ./src/3_ctypes/invoke_hashcat.py ./src/3_ctypes/libhashcat_openmp.so 7e240de74fb1ed08fa08d38063f6a6a91462a815,30,103623310,70214359,29.32,0.013090909,0.015169000,0.000000000
PYTHON_GIL=1,python3.13 ./src/4_cpython/invoke_hashcat.py ./src/3_ctypes/libhashcat_openmp.so 7e240de74fb1ed08fa08d38063f6a6a91462a815,1,54571047,102898490,14.17,0.013612609,0.014544000,0.000000000
PYTHON_GIL=1,python3.13 ./src/4_cpython/invoke_hashcat.py ./src/3_ctypes/libhashcat_openmp.so 7e240de74fb1ed08fa08d38063f6a6a91462a815,2,53090974,102946655,13.55,0.013132626,0.013925000,0.000000000
PYTHON_GIL=1,python3.13 ./src/4_cpython/invoke_hashcat.py ./src/3_ctypes/libhashcat_openmp.so 7e240de74fb1ed08fa08d38063f6a6a91462a815,3,82186833,102793926,21.16,0.020248626,0.021634000,0.000000000
PYTHON_GIL=1,python3.13 ./src/4_cpython/invoke_hashcat.py ./src/3_ctypes/libhashcat_openmp.so 7e240de74fb1ed08fa08d38063f6a6a91462a815,4,53150137,102777897,13.63,0.013106922,0.013991000,0.000000000
PYTHON_GIL=1,python3.13 ./src/4_cpython/invoke_hashcat.py ./src/3_ctypes/libhashcat_openmp.so 7e240de74fb1ed08fa08d38063f6a6a91462a815,5,53343754,102792416,14.01,0.013426221,0.014347000,0.000000000
PYTHON_GIL=1,python3.13 ./src/4_cpython/invoke_hashcat.py ./src/3_ctypes/libhashcat_openmp.so 7e240de74fb1ed08fa08d38063f6a6a91462a815,6,53923569,102923210,13.73,0.013169652,0.014073000,0.000000000
PYTHON_GIL=1,python3.13 ./src/4_cpython/invoke_hashcat.py ./src/3_ctypes/libhashcat_openmp.so 7e240de74fb1ed08fa08d38063f6a6a91462a815,7,52450261,102909836,13.39,0.012850842,0.013741000,0.000000000
PYTHON_GIL=1,python3.13 ./src/4_cpython/invoke_hashcat.py ./src/3_ctypes/libhashcat_openmp.so 7e240de74fb1ed08fa08d38063f6a6a91462a815,8,52900089,102950926,13.41,0.012867030,0.013773000,0.000000000
PYTHON_GIL=1,python3.13 ./src/4_cpython/invoke_hashcat.py ./src/3_ctypes/libhashcat_openmp.so 7e240de74fb1ed08fa08d38063f6a6a91462a815,9,56724560,103046978,15.56,0.014947988,0.015948000,0.000000000
PYTHON_GIL=1,python3.13 ./src/4_cpython/invoke_hashcat.py ./src/3_ctypes/libhashcat_openmp.so 7e240de74fb1ed08fa08d38063f6a6a91462a815,10,53344125,102763940,13.59,0.013085895,0.013887000,0.000000000
PYTHON_GIL=1,python3.13 ./src/4_cpython/invoke_hashcat.py ./src/3_ctypes/libhashcat_openmp.so 7e240de74fb1ed08fa08d38063f6a6a91462a815,11,53152646,102873107,13.47,0.012930435,0.013812000,0.000000000
PYTHON_GIL=1,python3.13 ./src/4_cpython/invoke_hashcat.py ./src/3_ctypes/libhashcat_openmp.so 7e240de74fb1ed08fa08d38063f6a6a91462a815,12,53521378,103060420,13.86,0.013348951,0.014250000,0.000000000
PYTHON_GIL=1,python3.13 ./src/4_cpython/invoke_hashcat.py ./src/3_ctypes/libhashcat_openmp.so 7e240de74fb1ed08fa08d38063f6a6a91462a815,13,53696944,102863580,14.56,0.013979347,0.014974000,0.000000000
PYTHON_GIL=1,python3.13 ./src/4_cpython/invoke_hashcat.py ./src/3_ctypes/libhashcat_openmp.so 7e240de74fb1ed08fa08d38063f6a6a91462a815,14,53287790,103105237,13.64,0.013053732,0.013972000,0.000000000
PYTHON_GIL=1,python3.13 ./src/4_cpython/invoke_hashcat.py ./src/3_ctypes/libhashcat_openmp.so 7e240de74fb1ed08fa08d38063f6a6a91462a815,15,52595925,102974667,13.44,0.012844818,0.013785000,0.000000000
PYTHON_GIL=1,python3.13 ./src/4_cpython/invoke_hashcat.py ./src/3_ctypes/libhashcat_openmp.so 7e240de74fb1ed08fa08d38063f6a6a91462a815,16,52880001,102976058,13.33,0.012787664,0.013691000,0.000000000
PYTHON_GIL=1,python3.13 ./src/4_cpython/invoke_hashcat.py ./src/3_ctypes/libhashcat_openmp.so 7e240de74fb1ed08fa08d38063f6a6a91462a815,17,54848017,102815708,14.47,0.013879659,0.014871000,0.000000000
PYTHON_GIL=1,python3.13 ./src/4_cpython/invoke_hashcat.py ./src/3_ctypes/libhashcat_openmp.so 7e240de74fb1ed08fa08d38063f6a6a91462a815,18,54139137,102959471,14.23,0.013653102,0.014596000,0.000000000
PYTHON_GIL=1,python3.13 ./src/4_cpython/invoke_hashcat.py ./src/3_ctypes/libhashcat_openmp.so 7e240de74fb1ed08fa08d38063f6a6a91462a815,19,52874129,103016988,13.78,0.013257649,0.014140000,0.000000000
PYTHON_GIL=1,python3.13 ./src/4_cpython/invoke_hashcat.py ./src/3_ctypes/libhashcat_openmp.so 7e240de74fb1ed08fa08d38063f6a6a91462a815,20,52809304,102901223,13.88,0.013267221,0.014182000,0.000000000
PYTHON_GIL=1,python3.13 ./src/4_cpython/invoke_hashcat.py ./src/3_ctypes/libhashcat_openmp.so 7e240de74fb1ed08fa08d38063f6a6a91462a815,21,53189916,102906533,14.14,0.013576417,0.014481000,0.000000000
PYTHON_GIL=1,python3.13 ./src/4_cpython/invoke_hashcat.py ./src/3_ctypes/libhashcat_openmp.so 7e240de74fb1ed08fa08d38063f6a6a91462a815,22,53455205,102981955,14.86,0.014231328,0.015245000,0.000000000
PYTHON_GIL=1,python3.13 ./src/4_cpython/invoke_hashcat.py ./src/3_ctypes/libhashcat_openmp.so 7e240de74fb1ed08fa08d38063f6a6a91462a815,23,53406583,102870142,14.93,0.014301180,0.015226000,0.000000000
PYTHON_GIL=1,python3.13 ./src/4_cpython/invoke_hashcat.py ./src/3_ctypes/libhashcat_openmp.so 7e240de74fb1ed08fa08d38063f6a6a91462a815,24,52026276,102741647,14.50,0.014212579,0.000000000,0.014892000
PYTHON_GIL=1,python3.13 ./src/4_cpython/invoke_hashcat.py ./src/3_ctypes/libhashcat_openmp.so 7e240de74fb1ed08fa08d38063f6a6a91462a815,25,52275890,102921364,14.57,0.013976610,0.014942000,0.000000000
PYTHON_GIL=1,python3.13 ./src/4_cpython/invoke_hashcat.py ./src/3_ctypes/libhashcat_openmp.so 7e240de74fb1ed08fa08d38063f6a6a91462a815,26,53085009,102866441,14.54,0.014453571,0.014925000,0.000000000
PYTHON_GIL=1,python3.13 ./src/4_cpython/invoke_hashcat.py ./src/3_ctypes/libhashcat_openmp.so 7e240de74fb1ed08fa08d38063f6a6a91462a815,27,54574106,102847657,15.06,0.014343673,0.015477000,0.000000000
PYTHON_GIL=1,python3.13 ./src/4_cpython/invoke_hashcat.py ./src/3_ctypes/libhashcat_openmp.so 7e240de74fb1ed08fa08d38063f6a6a91462a815,28,54470204,102905962,14.92,0.014176702,0.015292000,0.000000000
PYTHON_GIL=1,python3.13 ./src/4_cpython/invoke_hashcat.py ./src/3_ctypes/libhashcat_openmp.so 7e240de74fb1ed08fa08d38063f6a6a91462a815,29,54459799,103057469,15.09,0.014809474,0.015450000,0.000000000
PYTHON_GIL=1,python3.13 ./src/4_cpython/invoke_hashcat.py ./src/3_ctypes/libhashcat_openmp.so 7e240de74fb1ed08fa08d38063f6a6a91462a815,30,53072797,102764067,14.58,0.013840572,0.014937000,0.000000000
