gil,type,command,cycles,instructions,task_clock,time_elapsed,user_time,sys_time
true,plain,plain,1628968401,1628968401,4752050558,390.02,0.357980692,0.390477000,0.000000000
true,plain,plain.py,1600420527,4753646773,377.22,0.346165588,0.377573000,0.000000000
true,plain,plain.py,1641366940,4753374860,392.60,0.360446090,0.382000000,0.010914000
true,plain,plain.py,1638868803,4754140437,391.65,0.392275273,0.381944000,0.010051000
true,plain,plain.py,1686269321,4752334844,413.00,0.413632267,0.413373000,0.000000000
true,plain,plain.py,1662769092,4755221760,403.86,0.381248700,0.404172000,0.000000000
true,plain,plain.py,1648699334,4751874652,402.43,0.369307145,0.402837000,0.000000000
true,plain,plain.py,1677456181,4751581266,404.29,0.370934985,0.404645000,0.000000000
true,plain,plain.py,1634964861,4753984527,394.89,0.362378399,0.395164000,0.000000000
true,plain,plain.py,1626502646,4752440368,396.34,0.363610376,0.396647000,0.000000000
true,plain,plain.py,1617485523,4752177861,394.89,0.362276757,0.395216000,0.000000000
true,plain,plain.py,1929036922,4752206470,501.12,0.459932943,0.501523000,0.000000000
true,plain,plain.py,1649347843,4751530507,405.73,0.372233197,0.405974000,0.000000000
true,plain,plain.py,1648129741,4751754011,399.18,0.366354821,0.399467000,0.000000000
true,plain,plain.py,1660345722,4752830793,416.54,0.382190752,0.416940000,0.000000000
true,plain,plain.py,1611756007,4755365178,387.93,0.355929510,0.377514000,0.010786000
true,plain,plain.py,1615318108,4752580540,395.30,0.362720736,0.395577000,0.000000000
true,plain,plain.py,1697846126,4754675440,423.69,0.388831689,0.424053000,0.000000000
true,plain,plain.py,1729968428,4752089804,431.82,0.396229582,0.432192000,0.000000000
true,plain,plain.py,1629597382,4751843199,398.40,0.365573607,0.398776000,0.000000000
true,plain,plain.py,1620138464,4753242509,401.23,0.368185725,0.401661000,0.000000000
true,plain,plain.py,1779778661,4755291711,447.58,0.410531107,0.447836000,0.000000000
true,plain,plain.py,1669758555,4752260938,412.69,0.378815490,0.413151000,0.000000000
true,plain,plain.py,1744227867,4752970206,437.45,0.401358973,0.437753000,0.000000000
true,plain,plain.py,1655243526,4753288694,410.26,0.376376940,0.399816000,0.010805000
true,plain,plain.py,1627052357,4752007607,402.88,0.369665554,0.403209000,0.000000000
true,plain,plain.py,1612197604,4753297521,398.72,0.365793229,0.399062000,0.000000000
true,plain,plain.py,1611457805,4753194788,398.14,0.365507372,0.398573000,0.000000000
true,plain,plain.py,1622280478,4752247674,396.39,0.363739208,0.396712000,0.000000000
true,plain,plain.py,1609635228,4751990489,393.59,0.361141967,0.393930000,0.000000000
true,plain,improved.py,1314339398,3962488008,321.89,0.295460086,0.322295000,0.000000000
true,plain,improved.py,1317442429,3961264042,327.83,0.300855158,0.328107000,0.000000000
true,plain,improved.py,1306987428,3963104113,322.58,0.295999494,0.322905000,0.000000000
true,plain,improved.py,1316392125,3958944910,316.58,0.290575646,0.316906000,0.000000000
true,plain,improved.py,1315032942,3960480788,327.85,0.300929895,0.328154000,0.000000000
true,plain,improved.py,1300204902,3958322629,328.42,0.301350406,0.328722000,0.000000000
true,plain,improved.py,1302654469,3958241871,315.50,0.289544063,0.315859000,0.000000000
true,plain,improved.py,1301320267,3959377879,328.56,0.301566144,0.318276000,0.010609000
true,plain,improved.py,1298761290,3958778875,328.52,0.301448928,0.317872000,0.010961000
true,plain,improved.py,1306080886,3959299477,324.33,0.297660305,0.313823000,0.010821000
true,plain,improved.py,1318763139,3959354446,327.39,0.300512421,0.327741000,0.000000000
true,plain,improved.py,1303468610,3959115850,323.76,0.297119325,0.324097000,0.000000000
true,plain,improved.py,1302781261,3960923558,318.21,0.292025630,0.318502000,0.000000000
true,plain,improved.py,1306957812,3958854407,317.58,0.291462432,0.317820000,0.000000000
true,plain,improved.py,1317391405,3959117362,317.07,0.291022483,0.317432000,0.000000000
true,plain,improved.py,1327648731,3958340692,322.14,0.295610979,0.322467000,0.000000000
true,plain,improved.py,1309862239,3959085650,319.41,0.293079844,0.319741000,0.000000000
true,plain,improved.py,1309350167,3959546334,317.13,0.290990487,0.317462000,0.000000000
true,plain,improved.py,1300614064,3958740425,317.79,0.291640354,0.307177000,0.010970000
true,plain,improved.py,1308634869,3959956333,331.57,0.304228138,0.331859000,0.000000000
true,plain,improved.py,1303429529,3961050146,314.25,0.288323832,0.314591000,0.000000000
true,plain,improved.py,1302302536,3960457369,318.31,0.292216697,0.318693000,0.000000000
true,plain,improved.py,1313020728,3959171318,327.68,0.300713772,0.327983000,0.000000000
true,plain,improved.py,1307418923,3960719031,320.61,0.294276100,0.320941000,0.000000000
true,plain,improved.py,1302199024,3960283884,320.09,0.293753686,0.320410000,0.000000000
true,plain,improved.py,1312863497,3960374782,315.90,0.289967273,0.316264000,0.000000000
true,plain,improved.py,1409014809,3958510601,355.94,0.326714790,0.345450000,0.010795000
true,plain,improved.py,1401913449,3958863068,352.63,0.323585823,0.342242000,0.010695000
true,plain,improved.py,1306379095,3961768191,320.78,0.294356865,0.321110000,0.000000000
true,plain,improved.py,1366950328,3958157281,341.41,0.313401593,0.341665000,0.000000000
true,plain,itertools.py,1310850700,3946599892,326.13,0.299278726,0.326463000,0.000000000
true,plain,itertools.py,1385908118,3949168095,352.70,0.323575216,0.352988000,0.000000000
true,plain,itertools.py,1320875657,3946007519,320.82,0.294792128,0.321569000,0.000000000
true,plain,itertools.py,1304438835,3945777692,315.73,0.289831572,0.305303000,0.010903000
true,plain,itertools.py,1445157890,3945161527,361.42,0.331696186,0.361769000,0.000000000
true,plain,itertools.py,1506429533,3946517866,375.93,0.345002161,0.365504000,0.010750000
true,plain,itertools.py,1348779493,3945702698,336.98,0.309192339,0.326476000,0.010882000
true,plain,itertools.py,1343465268,3945278914,339.04,0.311087973,0.339314000,0.000000000
true,plain,itertools.py,1316180464,3946618613,326.34,0.299456409,0.326631000,0.000000000
true,plain,itertools.py,1397841547,3945967656,354.74,0.325537580,0.355061000,0.000000000
true,plain,itertools.py,1313060946,3946951321,324.34,0.297658265,0.324643000,0.000000000
true,plain,itertools.py,1302918544,3944149576,320.26,0.293985721,0.320482000,0.000000000
true,plain,itertools.py,1328058677,3944568265,325.89,0.299055327,0.326179000,0.000000000
true,plain,itertools.py,1303407481,3945451581,322.09,0.295567433,0.322468000,0.000000000
true,plain,itertools.py,1347725813,3946529640,331.91,0.304605223,0.321146000,0.011074000
true,plain,itertools.py,1320865614,3944214531,332.83,0.305503151,0.322414000,0.010747000
true,plain,itertools.py,1303590393,3944784549,313.11,0.287428248,0.302646000,0.010808000
true,plain,itertools.py,1305970692,3945778919,322.24,0.295679693,0.322557000,0.000000000
true,plain,itertools.py,1304231350,3947484390,320.93,0.294607560,0.321181000,0.000000000
true,plain,itertools.py,1301032147,3945201063,315.58,0.289654359,0.305016000,0.010893000
true,plain,itertools.py,1303935571,3947020915,323.36,0.296784840,0.323675000,0.000000000
true,plain,itertools.py,1309911014,3944131799,320.90,0.294446063,0.321220000,0.000000000
true,plain,itertools.py,1310246094,3945807222,327.99,0.301078527,0.328329000,0.000000000
true,plain,itertools.py,1301979392,3944655345,322.27,0.295822895,0.311887000,0.010754000
true,plain,itertools.py,1303319870,3946333924,325.39,0.298579692,0.325716000,0.000000000
true,plain,itertools.py,1328742250,3948266899,323.61,0.296945982,0.323917000,0.000000000
true,plain,itertools.py,1308547799,3945723092,326.67,0.299783790,0.327044000,0.000000000
true,plain,itertools.py,1331162844,3943975644,331.23,0.303956865,0.331523000,0.000000000
true,plain,itertools.py,1298807601,3944676982,314.36,0.288595730,0.314745000,0.000000000
true,plain,itertools.py,1305684292,3944408465,325.76,0.298917985,0.326100000,0.000000000
true,plain,lib.py,88097825,146208911,23.17,0.021480748,0.023419000,0.000000000
true,plain,lib.py,85520267,146125068,22.39,0.020708226,0.022705000,0.000000000
true,plain,lib.py,87575362,146003184,23.12,0.021479985,0.011726000,0.011726000
true,plain,lib.py,84945157,146159170,21.64,0.020142076,0.021947000,0.000000000
true,plain,lib.py,86595656,146198021,22.27,0.020684441,0.022587000,0.000000000
true,plain,lib.py,87811703,146096741,23.08,0.021486707,0.023409000,0.000000000
true,plain,lib.py,85253367,146155134,22.32,0.020783668,0.011300000,0.011300000
true,plain,lib.py,83918986,146162074,21.40,0.019937968,0.021736000,0.000000000
true,plain,lib.py,85169617,146012701,21.83,0.020284901,0.022162000,0.000000000
true,plain,lib.py,87286741,146159497,22.91,0.021273425,0.023193000,0.000000000
true,plain,lib.py,90519404,146356010,25.45,0.023733763,0.012933000,0.012933000
true,plain,lib.py,86115443,146206460,22.30,0.020795338,0.022647000,0.000000000
true,plain,lib.py,84820036,146136982,21.53,0.020061513,0.010981000,0.010981000
true,plain,lib.py,86289132,146010848,22.73,0.021226085,0.011524000,0.011524000
true,plain,lib.py,96331373,146069990,33.14,0.030636163,0.033466000,0.000000000
true,plain,lib.py,84854985,145966431,22.31,0.020724790,0.011303000,0.011303000
true,plain,lib.py,84486137,146132724,21.96,0.020471778,0.022301000,0.000000000
true,plain,lib.py,84218621,146173470,22.26,0.020770799,0.022564000,0.000000000
true,plain,lib.py,86124371,145991551,24.31,0.022627348,0.008180000,0.016360000
true,plain,lib.py,84109756,146343055,21.41,0.020036732,0.010862000,0.010862000
true,plain,lib.py,86313038,146094446,22.86,0.021250082,0.023195000,0.000000000
true,plain,lib.py,83906845,146115293,21.94,0.020316766,0.022195000,0.000000000
true,plain,lib.py,83761388,146130353,22.05,0.020497851,0.022412000,0.000000000
true,plain,lib.py,85901242,146202040,22.55,0.021042531,0.011508000,0.011508000
true,plain,lib.py,84782081,146069517,22.91,0.021634692,0.023628000,0.000000000
true,plain,lib.py,85551909,146236988,21.75,0.020234410,0.022040000,0.000000000
true,plain,lib.py,83884546,146391106,21.64,0.020149826,0.021961000,0.000000000
true,plain,lib.py,84768911,146065071,21.90,0.020336226,0.022216000,0.000000000
true,plain,lib.py,85259404,146344147,22.27,0.020779373,0.022583000,0.000000000
true,plain,lib.py,85728552,146187984,21.98,0.020642893,0.022532000,0.000000000
true,multiprocessing,imap_unordered.py,5039643315,6942608899,1786.80,0.748957848,1.316208000,0.566301000
true,multiprocessing,imap_unordered.py,4271220632,5892623983,1475.76,0.538301461,1.142683000,0.400331000
true,multiprocessing,imap_unordered.py,4763793147,6532599898,1648.59,0.620006068,1.198296000,0.530092000
true,multiprocessing,imap_unordered.py,5313942052,7154219595,1984.02,0.890411036,1.309290000,0.791265000
true,multiprocessing,imap_unordered.py,4764493689,6523846130,1628.30,0.613113580,1.210399000,0.489169000
true,multiprocessing,imap_unordered.py,5481889418,7705683433,2101.79,1.025124114,1.456966000,0.779410000
true,multiprocessing,imap_unordered.py,5225128273,7203214146,1744.15,0.623309284,1.224388000,0.587540000
true,multiprocessing,imap_unordered.py,5085662147,7034930575,1814.13,0.704977299,1.295624000,0.607592000
true,multiprocessing,imap_unordered.py,5024114411,6908368533,1792.75,0.732057789,1.253452000,0.625873000
true,multiprocessing,imap_unordered.py,4782026962,6572893712,1632.54,0.598402527,1.223650000,0.477639000
true,multiprocessing,imap_unordered.py,4939854097,6759874066,1734.34,0.619911605,1.323178000,0.478211000
true,multiprocessing,imap_unordered.py,4507572990,6087675014,1511.07,0.463062995,1.187550000,0.378607000
true,multiprocessing,imap_unordered.py,4434843312,6020631090,1521.67,0.489029677,1.141025000,0.436188000
true,multiprocessing,imap_unordered.py,4703063388,6444508970,1746.96,0.727682758,1.182731000,0.658360000
true,multiprocessing,imap_unordered.py,4749241472,6574852245,1671.50,0.644701899,1.250833000,0.496717000
true,multiprocessing,imap_unordered.py,5079923391,6977005671,1788.10,0.671707288,1.419175000,0.446953000
true,multiprocessing,imap_unordered.py,4842361061,6617543271,1690.71,0.623207848,1.267804000,0.496293000
true,multiprocessing,imap_unordered.py,5199798222,7117518287,1888.85,0.726662839,1.416612000,0.565963000
true,multiprocessing,imap_unordered.py,4806238018,6534854309,1665.26,0.528077635,1.335823000,0.386825000
true,multiprocessing,imap_unordered.py,5577337441,7726343887,2017.02,0.782545401,1.432486000,0.681148000
true,multiprocessing,imap_unordered.py,4954079451,6844879428,1787.90,0.742992627,1.353222000,0.524941000
true,multiprocessing,imap_unordered.py,5544481604,7567832517,1991.14,0.795388273,1.440474000,0.647468000
true,multiprocessing,imap_unordered.py,5554534715,7690336081,2034.75,0.807605011,1.430931000,0.707845000
true,multiprocessing,imap_unordered.py,5227617639,7173455441,1873.83,0.711556955,1.454266000,0.508555000
true,multiprocessing,imap_unordered.py,4805132408,6612495416,1727.18,0.542086983,1.240527000,0.557305000
true,multiprocessing,imap_unordered.py,4622077940,6380375740,1665.69,0.596441113,1.203586000,0.538033000
true,multiprocessing,imap_unordered.py,4775426204,6357845512,1841.42,0.745696646,1.178883000,0.766571000
true,multiprocessing,imap_unordered.py,4649666994,6148753157,1817.68,0.647766300,1.385160000,0.508090000
true,multiprocessing,imap_unordered.py,5361985042,7140154456,2073.38,0.761649236,1.618983000,0.539401000
true,multiprocessing,imap_unordered.py,4932133906,6625631721,1862.81,0.581437400,1.436423000,0.493602000
true,multiprocessing,imap.py,5166231153,6984235375,1920.67,0.678962678,1.504400000,0.488249000
true,multiprocessing,imap.py,4540456622,6044943438,1753.34,0.580166654,1.287188000,0.530714000
true,multiprocessing,imap.py,5090809862,6786377080,2024.34,0.795999735,1.457770000,0.657917000
true,multiprocessing,imap.py,4665553727,6438519611,1683.94,0.584639150,1.276880000,0.476510000
true,multiprocessing,imap.py,4470380645,6139108845,1689.38,0.633498668,1.296530000,0.472280000
true,multiprocessing,imap.py,4752097651,6568802583,1760.35,0.708171931,1.422994000,0.423591000
true,multiprocessing,imap.py,4792726002,6545913354,1796.33,0.730584218,1.342249000,0.545782000
true,multiprocessing,imap.py,4767872242,6604964077,1701.76,0.622185309,1.254329000,0.522593000
true,multiprocessing,imap.py,4905883586,6636482510,1734.03,0.571185820,1.394474000,0.404160000
true,multiprocessing,imap.py,4872982195,6686707895,1772.78,0.674824376,1.299228000,0.548578000
true,multiprocessing,imap.py,4759946905,6548295663,1701.72,0.569362840,1.356771000,0.412595000
true,multiprocessing,imap.py,5077566350,6998868554,1867.88,0.770611990,1.268321000,0.691759000
true,multiprocessing,imap.py,5254797419,7197450334,1852.78,0.666077712,1.403889000,0.527493000
true,multiprocessing,imap.py,4846083511,6651272079,1725.15,0.651025117,1.275018000,0.523602000
true,multiprocessing,imap.py,4817467754,6590776117,1727.20,0.641528310,1.282192000,0.517759000
true,multiprocessing,imap.py,5465733683,7481421202,1956.06,0.748260292,1.504029000,0.539989000
true,multiprocessing,imap.py,5186370186,7180204373,1811.17,0.629647588,1.427277000,0.451404000
true,multiprocessing,imap.py,4612026818,6343786047,1684.00,0.628100912,1.277951000,0.480526000
true,multiprocessing,imap.py,4640242481,6291134226,1626.53,0.615565372,1.278627000,0.413196000
true,multiprocessing,imap.py,5236495173,7085642271,1816.76,0.629735430,1.428597000,0.455479000
true,multiprocessing,imap.py,4200823464,5751202498,1451.39,0.441982593,1.156928000,0.336364000
true,multiprocessing,imap.py,4945914077,6792980553,1831.33,0.753966294,1.318059000,0.604160000
true,multiprocessing,imap.py,4427826517,6038054936,1541.20,0.551557213,1.173625000,0.430192000
true,multiprocessing,imap.py,5028894717,6821283538,1767.95,0.599521051,1.426238000,0.409517000
true,multiprocessing,imap.py,4943349270,6804966137,1719.54,0.593146570,1.403944000,0.380605000
true,multiprocessing,imap.py,4471183073,6093235004,1601.40,0.551938403,1.218243000,0.443995000
true,multiprocessing,imap.py,4939821349,6737000800,1801.32,0.670905687,1.334607000,0.546374000
true,multiprocessing,imap.py,4556685088,6244116516,1615.36,0.600547311,1.298334000,0.386279000
true,multiprocessing,imap.py,4947014039,6839065163,1777.78,0.759049219,1.236316000,0.628115000
true,multiprocessing,imap.py,4518458253,6200529498,1575.25,0.553911794,1.221839000,0.404858000
true,multiprocessing,map_async.py,162821379219,244975927133,56990.81,6.847041050,56.687967000,0.299166000
true,multiprocessing,map_async.py,167881110790,244870073814,65987.29,7.843857876,65.802963000,0.183183000
true,multiprocessing,map_async.py,167106104945,244707482411,58836.09,7.000596930,58.617880000,0.219728000
true,multiprocessing,map_async.py,162296049897,244906803706,57046.12,6.829890627,56.839118000,0.206949000
true,multiprocessing,map_async.py,162241168361,244927184453,57031.76,6.882038316,56.843112000,0.189902000
true,multiprocessing,map_async.py,162555618069,244820186366,64383.32,7.723593337,64.058650000,0.326428000
true,multiprocessing,map_async.py,162496122626,245237934237,57566.11,6.836879408,57.281000000,0.283863000
true,multiprocessing,map_async.py,167232901317,245106311254,59595.04,7.128466808,59.375099000,0.220290000
true,multiprocessing,map_async.py,162204203523,244660243876,57902.14,7.149865531,57.697301000,0.206305000
true,multiprocessing,map_async.py,162580075369,244778234073,63166.10,7.543318014,62.968185000,0.195977000
true,multiprocessing,map_async.py,163111365619,245188730602,61177.84,7.261662131,60.954783000,0.218542000
true,multiprocessing,map_async.py,162997583439,245167305757,58436.91,6.978219338,58.277091000,0.162608000
true,multiprocessing,map_async.py,162926331901,244919471720,58753.08,7.010419150,58.580380000,0.176373000
true,multiprocessing,map_async.py,161497481021,244683130187,62766.40,7.457287362,62.544109000,0.218707000
true,multiprocessing,map_async.py,162343544437,244880449047,64721.87,7.688261657,64.462111000,0.257766000
true,multiprocessing,map_async.py,166856626028,244907699140,61684.67,7.337687324,61.566464000,0.120630000
true,multiprocessing,map_async.py,162584170903,245381470333,59301.29,7.068381902,59.075403000,0.226940000
true,multiprocessing,map_async.py,162707687169,245201143131,60751.44,7.663449962,60.565339000,0.184745000
true,multiprocessing,map_async.py,162549543085,244873226734,61402.22,7.326081693,61.296994000,0.108353000
true,multiprocessing,map_async.py,162694454283,244723177654,59675.33,7.112818351,59.407374000,0.272351000
true,multiprocessing,map_async.py,165733195557,244650309834,60800.28,7.272367483,60.615902000,0.186124000
true,multiprocessing,map_async.py,167462719175,245223697137,62097.34,7.479715816,61.971717000,0.129319000
true,multiprocessing,map_async.py,163110008380,245198723701,67356.02,8.084032633,67.134123000,0.216382000
true,multiprocessing,map_async.py,163183920161,245064595814,61142.79,7.268163392,60.949945000,0.195070000
true,multiprocessing,map_async.py,160729235599,244833252701,62463.18,7.535562483,62.178137000,0.282695000
true,multiprocessing,map_async.py,165580123331,245304753773,62580.36,7.752419625,62.239725000,0.338901000
true,multiprocessing,map_async.py,164013299483,244869964968,68021.63,8.301951030,67.705323000,0.314794000
true,multiprocessing,map_async.py,167225260651,244974440302,62456.53,7.437565646,62.274778000,0.185167000
true,multiprocessing,map_async.py,162888596337,244537102843,61259.27,7.273180101,61.119408000,0.142452000
true,multiprocessing,map_async.py,163447824160,244921570774,62423.06,7.426539400,62.232544000,0.193914000
true,multiprocessing,map.py,163128759836,245012651123,67604.72,8.033287416,67.450819000,0.152449000
true,multiprocessing,map.py,167168531927,245283099070,62896.13,7.492812759,62.677547000,0.215985000
true,multiprocessing,map.py,162654382189,244913444125,61213.77,7.284364548,61.062881000,0.153536000
true,multiprocessing,map.py,162750146435,245178750528,61146.74,7.517914338,60.886837000,0.260590000
true,multiprocessing,map.py,162656063129,244972338370,66792.38,8.352090574,66.573372000,0.215980000
true,multiprocessing,map.py,162025570024,244772665353,60368.06,7.200253975,60.125679000,0.241637000
true,multiprocessing,map.py,163289973892,245516205774,61624.50,7.348474132,61.342003000,0.281279000
true,multiprocessing,map.py,163653779088,245226524873,62324.57,7.483342957,62.163281000,0.162539000
true,multiprocessing,map.py,163377238763,245269531007,66236.87,7.846091966,65.953176000,0.284091000
true,multiprocessing,map.py,162568911823,245072279414,60484.39,7.196768686,60.327642000,0.161241000
true,multiprocessing,map.py,167012469533,244720770584,61698.52,7.337716546,61.449702000,0.251238000
true,multiprocessing,map.py,162886630399,244836722560,60148.27,7.151125170,59.952843000,0.193796000
true,multiprocessing,map.py,163905379727,244976614588,67453.20,8.567948418,67.215623000,0.237595000
true,multiprocessing,map.py,162949422905,245026464326,60366.30,7.244099341,60.243979000,0.118019000
true,multiprocessing,map.py,163140953635,245044877778,61022.50,7.265910792,60.739381000,0.282131000
true,multiprocessing,map.py,162442414182,244924477071,60429.20,7.203721090,60.234969000,0.192288000
true,multiprocessing,map.py,162664006557,245247879044,68057.09,8.055235057,67.910925000,0.142222000
true,multiprocessing,map.py,163123413190,245114089669,60616.88,7.228680157,60.442504000,0.174649000
true,multiprocessing,map.py,162977947333,245011693700,60219.81,7.200574513,60.058301000,0.162691000
true,multiprocessing,map.py,162405840270,245152925442,60075.12,7.166830179,59.811631000,0.260751000
true,multiprocessing,map.py,168110666693,245610239769,66559.27,7.932967714,66.319041000,0.240249000
true,multiprocessing,map.py,165397694540,245096362144,61332.02,7.758031049,61.106061000,0.223209000
true,multiprocessing,map.py,162340743547,245169866469,60885.67,7.218337188,60.575680000,0.305415000
true,multiprocessing,map.py,165803218927,244945340290,60832.42,7.271591764,60.703263000,0.130867000
true,multiprocessing,map.py,162249129456,244953505714,66401.55,7.875660269,66.270294000,0.131630000
true,multiprocessing,map.py,163137368141,244994683142,59824.00,7.119534334,59.582943000,0.241064000
true,multiprocessing,map.py,160682468486,244713431454,61560.18,7.387606843,61.425833000,0.128597000
true,multiprocessing,map.py,163671248696,244923708769,60814.40,7.221154224,60.687084000,0.129570000
true,multiprocessing,map.py,163164252590,245014116585,64577.82,7.677008635,64.324090000,0.252231000
true,multiprocessing,map.py,166085961525,244783758821,61304.82,7.411158720,61.178298000,0.129660000
true,multithreading,executor.py,82374707670,241697774916,20066.73,18.476680329,19.746827000,0.586539000
true,multithreading,executor.py,82189486188,241682210523,19922.80,18.482966880,19.542703000,0.663189000
true,multithreading,executor.py,82621284065,241768686441,20183.38,18.423883832,19.765164000,0.690246000
true,multithreading,executor.py,82530576068,241731437327,19888.96,18.405607659,19.456495000,0.708289000
true,multithreading,executor.py,82811998810,241775740991,20252.12,18.568363563,19.953994000,0.577586000
true,multithreading,executor.py,83504351796,241894126146,20135.43,18.610288178,19.851301000,0.560710000
true,multithreading,executor.py,85573741410,241670961654,21839.45,20.155030030,21.396674000,0.766867000
true,multithreading,executor.py,84143564492,241866847631,21046.72,19.309988529,20.715385000,0.631367000
true,multithreading,executor.py,82188067929,241832648145,19821.26,18.341555152,19.507161000,0.590150000
true,multithreading,executor.py,82687743423,241674482733,20137.77,18.423568543,19.945861000,0.473328000
true,multithreading,executor.py,82890153777,241791814693,20333.47,18.841281896,19.975733000,0.624241000
true,multithreading,executor.py,83664028484,241692533060,20889.09,19.174443868,20.514421000,0.672959000
true,multithreading,executor.py,83435090610,241785033125,20508.23,18.914101531,20.134412000,0.658198000
true,multithreading,executor.py,82460648380,241654619219,20028.08,18.493358874,19.717080000,0.581815000
true,multithreading,executor.py,82518168544,241706420582,20002.52,18.321182250,19.637273000,0.640110000
true,multithreading,executor.py,83616037340,241858983935,20721.57,19.204765119,20.280567000,0.738837000
true,multithreading,executor.py,82302629406,241834751914,19779.61,18.111378148,19.476338000,0.576996000
true,multithreading,executor.py,82610566624,241664691481,20062.94,18.546310534,19.790065000,0.550023000
true,multithreading,executor.py,84703588230,241591078667,21331.95,19.605583311,21.006469000,0.617837000
true,multithreading,executor.py,82839860462,241804505731,20130.15,18.598185862,19.771961000,0.635373000
true,multithreading,executor.py,82689748580,241692824193,20253.02,19.031015662,19.965664000,0.573176000
true,multithreading,executor.py,84592259190,241750707286,21130.79,19.415550699,20.888302000,0.545386000
true,multithreading,executor.py,83885554746,241883127246,20598.50,19.267792590,20.199854000,0.678986000
true,multithreading,executor.py,83642558498,241899547833,20579.39,18.805117691,20.187635000,0.672559000
true,multithreading,executor.py,82063218302,241724649640,19790.93,18.081002170,19.527261000,0.523636000
true,multithreading,executor.py,82752630971,241611440696,20211.31,18.737160920,19.900897000,0.593573000
true,multithreading,executor.py,82698737961,241649457554,20037.03,18.302738763,19.646071000,0.674076000
true,multithreading,executor.py,82778073264,241656824940,19993.65,18.530640997,19.628326000,0.631101000
true,multithreading,executor.py,82790585917,241808218092,20118.20,18.358902760,19.853978000,0.537483000
true,multithreading,executor.py,82586477575,241807913116,19791.52,18.307412318,19.425466000,0.643582000
false,multithreading,executor.py,166911840905,241850712294,65984.59,7.713387013,65.908950000,0.032703000
false,multithreading,executor.py,167074678503,241721495017,62250.71,7.343242067,62.168798000,0.043520000
false,multithreading,executor.py,167504891751,241776842132,60748.09,7.357631121,60.673719000,0.042119000
false,multithreading,executor.py,171908749849,241717229321,62063.89,7.353933706,61.988873000,0.032415000
false,multithreading,executor.py,168676755303,241648139675,62023.11,7.287382764,61.949096000,0.032731000
false,multithreading,executor.py,167095732432,241746678846,66888.59,7.870541012,66.827422000,0.021814000
false,multithreading,executor.py,168737788150,241917045458,61582.77,7.358188657,61.541097000,0.010730000
false,multithreading,executor.py,168085746453,241623914239,61934.28,7.412215431,61.864643000,0.021536000
false,multithreading,executor.py,172561661802,241770839315,67849.75,7.981345487,67.693707000,0.109007000
false,multithreading,executor.py,172288048805,242033031112,65773.31,7.870704160,65.691809000,0.042782000
false,multithreading,executor.py,168604487986,241644915311,62130.58,7.498523483,62.049072000,0.031717000
false,multithreading,executor.py,167695934832,241619826467,63495.78,7.506347806,63.406621000,0.032560000
false,multithreading,executor.py,171952065059,241711634806,65327.49,7.664658201,65.236672000,0.043600000
false,multithreading,executor.py,167616943439,241844965441,67280.97,7.897578372,67.208218000,0.032699000
false,multithreading,executor.py,166959830869,241709465630,62146.04,7.291522927,62.078554000,0.032707000
false,multithreading,executor.py,171473356999,241661064194,64855.00,7.767302049,64.798977000,0.010715000
false,multithreading,executor.py,166212867720,242045020575,73069.06,8.614444608,72.776251000,0.239395000
false,multithreading,executor.py,166311204774,241810651971,69987.03,8.271082665,69.684020000,0.250701000
false,multithreading,executor.py,166757498072,241651168759,63214.00,7.558572293,63.110744000,0.064519000
false,multithreading,executor.py,171700028258,241634941050,64464.76,7.577418700,64.390958000,0.021786000
false,multithreading,executor.py,168455222665,241860496184,69298.60,8.131664220,69.221023000,0.032738000
false,multithreading,executor.py,167076117565,241678026843,63036.70,7.436750951,62.971023000,0.032717000
false,multithreading,executor.py,168437062924,241761564781,63107.03,7.428677329,63.002687000,0.076208000
false,multithreading,executor.py,167495141251,241890603100,62598.12,7.809398733,62.529057000,0.041191000
false,multithreading,executor.py,166875136524,241752015277,70078.61,8.219260326,70.017830000,0.021785000
false,multithreading,executor.py,167096119300,241603523063,62167.11,7.311995128,62.097437000,0.021811000
false,multithreading,executor.py,168479039073,241685110370,63040.15,7.379668540,62.966749000,0.032727000
false,multithreading,executor.py,167730351904,241762733629,67359.51,8.118585885,67.264233000,0.042258000
false,multithreading,executor.py,167866039774,241775341412,73930.97,8.693354644,73.711960000,0.174054000
false,multithreading,executor.py,167027047456,241769648011,61823.94,7.276293152,61.754672000,0.032714000
true,multithreading,workers.py,340166528,837624264,123.18,0.114403775,0.111146000,0.011114000
true,multithreading,workers.py,479199326,1267471437,135.81,0.125127187,0.103616000,0.031085000
true,multithreading,workers.py,465680894,1242917796,126.69,0.117343688,0.106912000,0.019438000
true,multithreading,workers.py,622203739,1706778322,160.97,0.147706699,0.141475000,0.020210000
true,multithreading,workers.py,602340013,1631893258,156.73,0.143456245,0.136590000,0.021013000
true,multithreading,workers.py,452652979,1164786952,118.36,0.109500356,0.107281000,0.010728000
true,multithreading,workers.py,668932591,1790905920,172.41,0.158797538,0.161939000,0.010795000
true,multithreading,workers.py,411043218,1041895956,107.89,0.100290834,0.107280000,0.000000000
true,multithreading,workers.py,432719970,1103569977,113.36,0.105790543,0.092597000,0.020577000
true,multithreading,workers.py,346588564,849939512,90.41,0.084517959,0.078466000,0.011209000
true,multithreading,workers.py,342587422,870725992,91.26,0.085255897,0.069996000,0.019999000
true,multithreading,workers.py,389861684,1020195058,103.18,0.095751373,0.092139000,0.010237000
true,multithreading,workers.py,392539631,975252095,102.46,0.095748648,0.101372000,0.000000000
true,multithreading,workers.py,323633584,813514369,86.40,0.080796279,0.074256000,0.010608000
true,multithreading,workers.py,369855691,949639218,96.96,0.090205921,0.085421000,0.010677000
true,multithreading,workers.py,530290546,1415362038,137.79,0.127306070,0.126678000,0.011516000
true,multithreading,workers.py,395610742,1039512464,105.64,0.098505670,0.094066000,0.011758000
true,multithreading,workers.py,549157711,1500324787,143.40,0.132023713,0.133145000,0.010241000
true,multithreading,workers.py,392919183,1022325850,101.01,0.094078090,0.099941000,0.000000000
true,multithreading,workers.py,318740965,801394971,85.36,0.080367305,0.073766000,0.010538000
true,multithreading,workers.py,442292340,1178947176,113.37,0.105392046,0.084611000,0.028203000
true,multithreading,workers.py,583108764,1566788420,155.17,0.141638451,0.125679000,0.029003000
true,multithreading,workers.py,380635489,950469518,103.99,0.095965671,0.081398000,0.020349000
true,multithreading,workers.py,325744478,701329096,93.50,0.086576466,0.079758000,0.011394000
true,multithreading,workers.py,307676475,710164235,82.59,0.078131242,0.051024000,0.030614000
true,multithreading,workers.py,441259594,1104128399,115.46,0.106631244,0.114381000,0.000000000
true,multithreading,workers.py,381364988,959727776,104.25,0.096225479,0.103005000,0.000000000
true,multithreading,workers.py,445974739,1111907772,123.56,0.112589668,0.111101000,0.011110000
true,multithreading,workers.py,330076295,793676036,93.72,0.086889765,0.081083000,0.010135000
true,multithreading,workers.py,291102292,655686943,84.20,0.078003600,0.071692000,0.010241000
false,multithreading,workers.py,123039777,184424581,40.06,0.031250480,0.025034000,0.012517000
false,multithreading,workers.py,120838218,179201714,38.41,0.030810906,0.025881000,0.012940000
false,multithreading,workers.py,138655259,207222056,43.54,0.030566594,0.043241000,0.000000000
false,multithreading,workers.py,138671722,199661389,42.93,0.030101408,0.040548000,0.000000000
false,multithreading,workers.py,139085240,202186980,42.99,0.031199663,0.041046000,0.000000000
false,multithreading,workers.py,122902299,184272698,38.82,0.030607022,0.024409000,0.012204000
false,multithreading,workers.py,130684231,200158402,39.91,0.029770011,0.013218000,0.026437000
false,multithreading,workers.py,132397709,186949375,39.90,0.029826674,0.016686000,0.016686000
false,multithreading,workers.py,121529889,184267172,37.34,0.029340895,0.038418000,0.000000000
false,multithreading,workers.py,135793262,202357930,41.73,0.030659843,0.025758000,0.012879000
false,multithreading,workers.py,132973220,208259225,40.14,0.029362420,0.030237000,0.007559000
false,multithreading,workers.py,133896354,205139291,40.57,0.030148637,0.039400000,0.000000000
false,multithreading,workers.py,126754245,196356044,38.37,0.029434808,0.033507000,0.000000000
false,multithreading,workers.py,122380923,184534496,37.80,0.029466894,0.024801000,0.012400000
false,multithreading,workers.py,134321831,208286500,40.20,0.029730931,0.011351000,0.022703000
false,multithreading,workers.py,120918348,185699962,37.16,0.028611638,0.035515000,0.000000000
false,multithreading,workers.py,122439977,185247339,38.94,0.029738352,0.024840000,0.012420000
false,multithreading,workers.py,140663502,206614764,42.77,0.030736054,0.025023000,0.018767000
false,multithreading,workers.py,132578255,207692131,40.25,0.029212113,0.035213000,0.005030000
false,multithreading,workers.py,131545619,204447302,40.32,0.030134041,0.033576000,0.000000000
false,multithreading,workers.py,120789637,184111607,37.67,0.028611644,0.024562000,0.012281000
false,multithreading,workers.py,134721640,209785961,40.59,0.030033787,0.021891000,0.010945000
false,multithreading,workers.py,120699025,184996243,37.36,0.028552248,0.024908000,0.012454000
false,multithreading,workers.py,135454522,206343389,41.07,0.030126917,0.024977000,0.012488000
false,multithreading,workers.py,121587588,185161582,36.89,0.028161391,0.023522000,0.011761000
false,multithreading,workers.py,119920258,182275834,36.65,0.028770297,0.034963000,0.000000000
false,multithreading,workers.py,122323619,182293290,36.91,0.028960596,0.024204000,0.012102000
false,multithreading,workers.py,120254637,182218099,36.97,0.028992515,0.032323000,0.004617000
false,multithreading,workers.py,133897092,208974886,40.49,0.030259411,0.035381000,0.000000000
false,multithreading,workers.py,133044493,207377746,40.27,0.029185726,0.040928000,0.000000000
true,ctypes,invoke_hashcat.py libhashcat.so,62632599,118681041,17.90,0.024990811,0.018367000,0.000000000
true,ctypes,invoke_hashcat.py libhashcat.so,57841401,118486033,18.88,0.017881033,0.019563000,0.000000000
true,ctypes,invoke_hashcat.py libhashcat.so,58290660,118590942,15.70,0.014681987,0.008011000,0.008011000
true,ctypes,invoke_hashcat.py libhashcat.so,58046192,118500180,15.75,0.014713262,0.016093000,0.000000000
true,ctypes,invoke_hashcat.py libhashcat.so,58130011,118716629,15.70,0.014935041,0.008069000,0.008069000
true,ctypes,invoke_hashcat.py libhashcat.so,59521974,118607539,16.38,0.015316580,0.016726000,0.000000000
true,ctypes,invoke_hashcat.py libhashcat.so,59311280,118494490,16.16,0.015149439,0.016526000,0.000000000
true,ctypes,invoke_hashcat.py libhashcat.so,58041415,118384076,16.11,0.015318231,0.008401000,0.008401000
true,ctypes,invoke_hashcat.py libhashcat.so,58430162,118559258,15.96,0.014968790,0.016333000,0.000000000
true,ctypes,invoke_hashcat.py libhashcat.so,58677301,118622185,16.11,0.015143212,0.016487000,0.000000000
true,ctypes,invoke_hashcat.py libhashcat.so,58729807,118551090,16.78,0.015700877,0.017160000,0.000000000
true,ctypes,invoke_hashcat.py libhashcat.so,57825362,118575454,16.18,0.015191210,0.008217000,0.008217000
true,ctypes,invoke_hashcat.py libhashcat.so,57979773,118648008,16.02,0.014962536,0.000000000,0.016339000
true,ctypes,invoke_hashcat.py libhashcat.so,58296839,118565254,16.34,0.015313363,0.008357000,0.008357000
true,ctypes,invoke_hashcat.py libhashcat.so,58390437,118596089,15.79,0.014696758,0.000000000,0.016129000
true,ctypes,invoke_hashcat.py libhashcat.so,57464437,118619822,15.57,0.014544455,0.007953000,0.007953000
true,ctypes,invoke_hashcat.py libhashcat.so,57890189,118623019,15.76,0.014725278,0.016092000,0.000000000
true,ctypes,invoke_hashcat.py libhashcat.so,58952284,118531729,16.21,0.015188323,0.016540000,0.000000000
true,ctypes,invoke_hashcat.py libhashcat.so,58075958,118668835,16.08,0.015039598,0.008220000,0.008220000
true,ctypes,invoke_hashcat.py libhashcat.so,59326419,118586194,16.07,0.015059599,0.016386000,0.000000000
true,ctypes,invoke_hashcat.py libhashcat.so,59399720,118661229,18.84,0.017804267,0.019426000,0.000000000
true,ctypes,invoke_hashcat.py libhashcat.so,58157328,118568935,16.35,0.015203392,0.000000000,0.016665000
true,ctypes,invoke_hashcat.py libhashcat.so,58280821,118718904,16.29,0.015314299,0.008337000,0.008337000
true,ctypes,invoke_hashcat.py libhashcat.so,58836659,118748903,16.41,0.015355954,0.016706000,0.000000000
true,ctypes,invoke_hashcat.py libhashcat.so,58015988,118635274,16.03,0.014971398,0.016373000,0.000000000
true,ctypes,invoke_hashcat.py libhashcat.so,57489974,118595052,16.48,0.015404471,0.016817000,0.000000000
true,ctypes,invoke_hashcat.py libhashcat.so,57800611,118471766,15.83,0.014741534,0.016166000,0.000000000
true,ctypes,invoke_hashcat.py libhashcat.so,57938842,118584368,16.09,0.015080006,0.000000000,0.016368000
true,ctypes,invoke_hashcat.py libhashcat.so,57742719,118587388,15.95,0.014952030,0.016273000,0.000000000
true,ctypes,invoke_hashcat.py libhashcat.so,58548380,118642637,16.16,0.015147277,0.016433000,0.000000000
true,ctypes,invoke_hashcat.py libhashcat_openmp.so,157695616,81503128,42.33,0.021542604,0.037386000,0.004673000
true,ctypes,invoke_hashcat.py libhashcat_openmp.so,170867776,80830790,48.99,0.015814504,0.018359000,0.000000000
true,ctypes,invoke_hashcat.py libhashcat_openmp.so,155907733,80289134,41.79,0.014873580,0.008609000,0.008609000
true,ctypes,invoke_hashcat.py libhashcat_openmp.so,152197754,80111575,40.68,0.013998154,0.016359000,0.000000000
true,ctypes,invoke_hashcat.py libhashcat_openmp.so,150231462,80056652,39.88,0.013812809,0.011885000,0.004754000
true,ctypes,invoke_hashcat.py libhashcat_openmp.so,158572932,80299494,42.43,0.014167716,0.016354000,0.000000000
true,ctypes,invoke_hashcat.py libhashcat_openmp.so,144560981,79914179,38.29,0.013784518,0.000000000,0.014975000
true,ctypes,invoke_hashcat.py libhashcat_openmp.so,158452909,80578888,42.33,0.014210293,0.000000000,0.020028000
true,ctypes,invoke_hashcat.py libhashcat_openmp.so,148336596,79251729,39.44,0.013853177,0.000000000,0.015835000
true,ctypes,invoke_hashcat.py libhashcat_openmp.so,144962173,79856999,38.65,0.013796056,0.016106000,0.000000000
true,ctypes,invoke_hashcat.py libhashcat_openmp.so,148286514,81180610,39.55,0.013876879,0.000000000,0.015839000
true,ctypes,invoke_hashcat.py libhashcat_openmp.so,147952081,79881372,39.33,0.013741441,0.016086000,0.000000000
true,ctypes,invoke_hashcat.py libhashcat_openmp.so,149649981,79918539,39.94,0.014926541,0.008665000,0.008665000
true,ctypes,invoke_hashcat.py libhashcat_openmp.so,148519651,79885851,39.55,0.013970600,0.016540000,0.000000000
true,ctypes,invoke_hashcat.py libhashcat_openmp.so,149098466,80102984,39.62,0.013954128,0.000000000,0.016257000
true,ctypes,invoke_hashcat.py libhashcat_openmp.so,153243231,80016021,40.67,0.013655678,0.015997000,0.000000000
true,ctypes,invoke_hashcat.py libhashcat_openmp.so,145352132,79923658,38.90,0.013723701,0.020737000,0.000000000
true,ctypes,invoke_hashcat.py libhashcat_openmp.so,148020408,80020317,39.27,0.013813749,0.016030000,0.000000000
true,ctypes,invoke_hashcat.py libhashcat_openmp.so,149800085,80178873,39.92,0.013930059,0.026054000,0.000000000
true,ctypes,invoke_hashcat.py libhashcat_openmp.so,241021272,84383655,65.58,0.016865505,0.000000000,0.019446000
true,ctypes,invoke_hashcat.py libhashcat_openmp.so,158412534,80158901,43.39,0.015692758,0.019290000,0.000000000
true,ctypes,invoke_hashcat.py libhashcat_openmp.so,147339577,80490661,39.52,0.014013931,0.016431000,0.000000000
true,ctypes,invoke_hashcat.py libhashcat_openmp.so,151509225,80087390,40.72,0.013685142,0.000000000,0.016344000
true,ctypes,invoke_hashcat.py libhashcat_openmp.so,147490784,79771097,39.26,0.013960693,0.016573000,0.000000000
true,ctypes,invoke_hashcat.py libhashcat_openmp.so,147498395,80081164,39.76,0.014425988,0.000000000,0.016674000
true,ctypes,invoke_hashcat.py libhashcat_openmp.so,157356117,80306782,41.89,0.014141872,0.016478000,0.000000000
true,ctypes,invoke_hashcat.py libhashcat_openmp.so,147564441,80354094,39.31,0.014015759,0.016272000,0.000000000
true,ctypes,invoke_hashcat.py libhashcat_openmp.so,147302226,79874645,38.99,0.013483906,0.000000000,0.015758000
true,ctypes,invoke_hashcat.py libhashcat_openmp.so,148463618,80117357,39.56,0.013737819,0.017737000,0.002217000
true,ctypes,invoke_hashcat.py libhashcat_openmp.so,150332491,80133482,39.98,0.013946345,0.016180000,0.000000000
true,cpython,invoke_hashcat.py libhashcat_openmp.so,30507231,44509824,9.86,0.014826032,0.000000000,0.010176000
true,cpython,invoke_hashcat.py libhashcat_openmp.so,33044258,44485723,10.07,0.009584363,0.010474000,0.000000000
true,cpython,invoke_hashcat.py libhashcat_openmp.so,30006350,44421823,8.54,0.008143418,0.008891000,0.000000000
true,cpython,invoke_hashcat.py libhashcat_openmp.so,30042656,44459152,8.64,0.008253739,0.008956000,0.000000000
true,cpython,invoke_hashcat.py libhashcat_openmp.so,30321966,44416492,8.70,0.008209356,0.009029000,0.000000000
true,cpython,invoke_hashcat.py libhashcat_openmp.so,30188734,44411866,8.67,0.008210107,0.009024000,0.000000000
true,cpython,invoke_hashcat.py libhashcat_openmp.so,30122869,44529551,8.69,0.008216368,0.009062000,0.000000000
true,cpython,invoke_hashcat.py libhashcat_openmp.so,29785280,44444577,8.67,0.008220003,0.009005000,0.000000000
true,cpython,invoke_hashcat.py libhashcat_openmp.so,30162751,44454844,8.78,0.008295916,0.009093000,0.000000000
true,cpython,invoke_hashcat.py libhashcat_openmp.so,30379641,44556110,8.74,0.008237240,0.009072000,0.000000000
true,cpython,invoke_hashcat.py libhashcat_openmp.so,31116102,44465682,9.15,0.008666432,0.000000000,0.009474000
true,cpython,invoke_hashcat.py libhashcat_openmp.so,29885974,44363995,8.65,0.008201506,0.000000000,0.009014000
true,cpython,invoke_hashcat.py libhashcat_openmp.so,29484937,44440176,8.90,0.008429773,0.009235000,0.000000000
true,cpython,invoke_hashcat.py libhashcat_openmp.so,29913277,44491433,8.59,0.008162688,0.008856000,0.000000000
true,cpython,invoke_hashcat.py libhashcat_openmp.so,29584842,44399549,8.65,0.008241853,0.000000000,0.009041000
true,cpython,invoke_hashcat.py libhashcat_openmp.so,30813045,44537003,9.02,0.008637257,0.009364000,0.000000000
true,cpython,invoke_hashcat.py libhashcat_openmp.so,30238018,44457730,8.70,0.008257289,0.008992000,0.000000000
true,cpython,invoke_hashcat.py libhashcat_openmp.so,31831083,44410832,9.22,0.008818716,0.009531000,0.000000000
true,cpython,invoke_hashcat.py libhashcat_openmp.so,29966583,44483878,8.55,0.008164096,0.000000000,0.008893000
true,cpython,invoke_hashcat.py libhashcat_openmp.so,30112101,44320838,8.92,0.008456260,0.009271000,0.000000000
true,cpython,invoke_hashcat.py libhashcat_openmp.so,30547811,44453429,8.78,0.008283154,0.009068000,0.000000000
true,cpython,invoke_hashcat.py libhashcat_openmp.so,29955241,44430079,8.60,0.008166489,0.008936000,0.000000000
true,cpython,invoke_hashcat.py libhashcat_openmp.so,30734672,44406645,10.05,0.009504189,0.010309000,0.000000000
true,cpython,invoke_hashcat.py libhashcat_openmp.so,30243539,44318292,8.80,0.008418267,0.009135000,0.000000000
true,cpython,invoke_hashcat.py libhashcat_openmp.so,30366376,44453171,9.03,0.008591823,0.009374000,0.000000000
true,cpython,invoke_hashcat.py libhashcat_openmp.so,30863614,44378798,9.06,0.008682339,0.009387000,0.000000000
true,cpython,invoke_hashcat.py libhashcat_openmp.so,29912885,44431155,8.73,0.008332327,0.000000000,0.009006000
true,cpython,invoke_hashcat.py libhashcat_openmp.so,29679479,44439212,8.50,0.008047626,0.008760000,0.000000000
true,cpython,invoke_hashcat.py libhashcat_openmp.so,30549509,44352322,9.02,0.008697856,0.000000000,0.009405000
true,cpython,invoke_hashcat.py libhashcat_openmp.so,29864265,44471455,9.18,0.008753920,0.009567000,0.000000000
